MovieId,Number,VideoPath,MissingFields,ProtectedFields,ProviderPlan,Status,FailureCategory,Attempts,ElapsedMilliseconds,AddedFields,Reason
6,"FC2-3061625","Z:\bcbcbcbc\ca-ES\data\已命名电影\FC2-3061625+五星+无码+白虎+高颜值.mp4","Actors|Series|Director","","","Skipped","CodeInvalid",0,0,"","番号识别置信度低于自动联网阈值。"
17,"FC2-2714057","Z:\bcbcbcbc\ca-ES\data\已命名电影\FC2-2714057+五星+好身材大长腿+强制+爆操.mp4","Actors|Series|Director","","","Skipped","CodeInvalid",0,0,"","番号识别置信度低于自动联网阈值。"
30,"FC2-2792538","Z:\bcbcbcbc\ca-ES\data\已命名电影\FC2-2792538+三星+强制.mp4","Actors|Genres|Series|Director","","","Skipped","CodeInvalid",0,0,"","番号识别置信度低于自动联网阈值。"
31,"FSOG-022","Z:\bcbcbcbc\ca-ES\data\已命名电影\FSOG-022+制服+国产+好身材大长腿.mp4","Actors|Genres|Poster|Fanart|NFO|Description|Series|Director|Studio|ReleaseDate","","JavBus|MetaTube|MDC-NG","Pending","",0,0,"","只请求当前缺失字段；执行前会再次校验。"
34,"FZ-65","Z:\bcbcbcbc\ca-ES\data\已命名电影\FZ-65+五星+娇小可爱清纯+无码+高颜值.vob","Genres|Description|Director","","JavBus|MetaTube|MDC-NG","Pending","",0,0,"","只请求当前缺失字段；执行前会再次校验。"
35,"FSOG-013","Z:\bcbcbcbc\ca-ES\data\已命名电影\FSOG-013+娇小可爱清纯+无码.mp4","Actors|Genres|Poster|Fanart|NFO|Description|Series|Director|Studio|ReleaseDate","","JavBus|MetaTube|MDC-NG","Pending","",0,0,"","只请求当前缺失字段；执行前会再次校验。"
41,"AAAAAAAEBOD-355","Z:\bcbcbcbc\ca-ES\data\已命名电影\AAAAAAAEBOD-355+四星+持续输出.mp4","Actors|Genres|Poster|Fanart|NFO|Description|Series|Director|Studio|ReleaseDate","","JavBus|MetaTube|MDC-NG","Pending","",0,0,"","只请求当前缺失字段；执行前会再次校验。"
43,"IMG-0494","Z:\bcbcbcbc\ca-ES\data\已命名电影\IMG-0494+BCBCBC+国产+爆操+短片.mp4","Actors|Genres|Poster|Fanart|NFO|Description|Series|Director|Studio|ReleaseDate","","JavBus|MetaTube|MDC-NG","Pending","",0,0,"","只请求当前缺失字段；执行前会再次校验。"
44,"IMG-0501","Z:\bcbcbcbc\ca-ES\data\已命名电影\IMG-0501+四星+娇小可爱清纯.mp4","Actors|Genres|Poster|Fanart|NFO|Description|Series|Director|Studio|ReleaseDate","","JavBus|MetaTube|MDC-NG","Pending","",0,0,"","只请求当前缺失字段；执行前会再次校验。"
46,"061315_097","Z:\bcbcbcbc\ca-ES\data\已命名电影\061315_097+三星+无码.mp4","NFO|Description|Series|Director","","","Skipped","CodeInvalid",0,0,"","番号识别置信度低于自动联网阈值。"
47,"072315_120","Z:\bcbcbcbc\ca-ES\data\已命名电影\072315_120+三星+无码.mp4","NFO|Description|Series|Director","","","Skipped","CodeInvalid",0,0,"","番号识别置信度低于自动联网阈值。"
48,"FC2-1174749","Z:\bcbcbcbc\ca-ES\data\已命名电影\FC2-1174749+好身材大长腿.mp4","NFO|Series|Director|Studio|ReleaseDate","","","Skipped","CodeInvalid",0,0,"","番号识别置信度低于自动联网阈值。"
49,"FC2-1217586","Z:\bcbcbcbc\ca-ES\data\已命名电影\FC2-1217586+四星+好身材大长腿+娇小可爱清纯+无码.mp4","NFO|Series|Director|Studio|ReleaseDate","","","Skipped","CodeInvalid",0,0,"","番号识别置信度低于自动联网阈值。"
57,"FSOG-015","Z:\bcbcbcbc\ca-ES\data\已命名电影\FSOG-015+五星+国产+好身材大长腿+娇小可爱清纯+白虎+高颜值.mp4","Actors|Genres|Poster|Fanart|NFO|Description|Series|Director|Studio|ReleaseDate","","JavBus|MetaTube|MDC-NG","Pending","",0,0,"","只请求当前缺失字段；执行前会再次校验。"
60,"FC2-1451594","Z:\bcbcbcbc\ca-ES\data\已命名电影\FC2-1451594+三星+无码.mp4","Actors|Series|Director","","","Skipped","CodeInvalid",0,0,"","番号识别置信度低于自动联网阈值。"
61,"FC2-1849599","Z:\bcbcbcbc\ca-ES\data\已命名电影\FC2-1849599+无码.mp4","Actors|Series|Director","","","Skipped","CodeInvalid",0,0,"","番号识别置信度低于自动联网阈值。"
77,"FC2-2802445","Z:\bcbcbcbc\ca-ES\data\已命名电影\FC2-2802445+三星+无码+高颜值.mp4","Actors|Genres|Poster|Fanart|Series|Director","","","Skipped","CodeInvalid",0,0,"","番号识别置信度低于自动联网阈值。"
81,"AOZ-314","Z:\bcbcbcbc\ca-ES\data\已命名电影\AOZ-314-四星+强制.mp4","Actors|Series|Director","","JavBus|MetaTube|MDC-NG","Pending","",0,0,"","只请求当前缺失字段；执行前会再次校验。"
82,"FC2-1539556","Z:\bcbcbcbc\ca-ES\data\已命名电影\FC2-1539556+五星+无码+高颜值.mp4","Actors|Genres|Series|Director","","","Skipped","CodeInvalid",0,0,"","番号识别置信度低于自动联网阈值。"
83,"FC2-1202062","Z:\bcbcbcbc\ca-ES\data\已命名电影\FC2-1202062+五星+娇小可爱清纯+无码+高颜值.mp4","Actors|Genres|Poster|Fanart|NFO|Description|Series|Director|Studio|ReleaseDate","","","Skipped","CodeInvalid",0,0,"","番号识别置信度低于自动联网阈值。"
84,"FC2-1202075","Z:\bcbcbcbc\ca-ES\data\已命名电影\FC2-1202075+五星+四星+娇小可爱清纯+无码+高颜值.mp4","NFO|Series|Director|Studio|ReleaseDate","","","Skipped","CodeInvalid",0,0,"","番号识别置信度低于自动联网阈值。"
85,"FC2-1262472","Z:\bcbcbcbc\ca-ES\data\已命名电影\FC2-1262472+五星+娇小可爱清纯+无码+高颜值.mp4","NFO|Series|Director|Studio|ReleaseDate","","","Skipped","CodeInvalid",0,0,"","番号识别置信度低于自动联网阈值。"
86,"FC2-3080084","Z:\bcbcbcbc\ca-ES\data\已命名电影\FC2-3080084-丝袜+制服+四星.mp4","Actors|Series|Director","","","Skipped","CodeInvalid",0,0,"","番号识别置信度低于自动联网阈值。"
90,"FC2-1940513","Z:\bcbcbcbc\ca-ES\data\已命名电影\FC2-1940513-四星+多人+无码+白虎.mp4","NFO|Series|Director|Studio|ReleaseDate","","","Skipped","CodeInvalid",0,0,"","番号识别置信度低于自动联网阈值。"
91,"COM-83306615","Z:\bcbcbcbc\ca-ES\data\已命名电影\COM-83306615+0+高颜值.mp4","Actors|Genres|Poster|Fanart|NFO|Description|Series|Director|Studio|ReleaseDate","","","Skipped","CodeInvalid",0,0,"","番号识别置信度低于自动联网阈值。"
93,"052615_086","Z:\bcbcbcbc\ca-ES\data\已命名电影\052615_086+三星+无码+白虎.mp4","NFO|Description|Series|Director","","","Skipped","CodeInvalid",0,0,"","番号识别置信度低于自动联网阈值。"
97,"SIRO-3508","Z:\bcbcbcbc\ca-ES\data\已命名电影\SIRO-3508+高颜值.mp4","Poster|Fanart|Director","","MetaTube|JavBus|MDC-NG","Pending","",0,0,"","只请求当前缺失字段；执行前会再次校验。"
98,"FC2-2020","Z:\bcbcbcbc\ca-ES\data\已命名电影\FC2-2020-外国+大屌.mp4","NFO|Series|Director|Studio|ReleaseDate","","","Skipped","CodeInvalid",0,0,"","番号识别置信度低于自动联网阈值。"
99,"FC2-880652","Z:\bcbcbcbc\ca-ES\data\已命名电影\FC2-880652+无码+高颜值-1.mp4","NFO|Description|Series|Director","","","Skipped","CodeInvalid",0,0,"","番号识别置信度低于自动联网阈值。"
109,"FC2-1186761","Z:\bcbcbcbc\ca-ES\data\已命名电影\FC2-1186761+三星+无码.mp4","NFO|Series|Director|Studio|ReleaseDate","","","Skipped","CodeInvalid",0,0,"","番号识别置信度低于自动联网阈值。"
114,"FSOG-051","Z:\bcbcbcbc\ca-ES\data\已命名电影\FSOG-051+不露脸+国产+无码.mp4","Actors|Genres|Poster|Fanart|NFO|Description|Series|Director|Studio|ReleaseDate","","JavBus|MetaTube|MDC-NG","Pending","",0,0,"","只请求当前缺失字段；执行前会再次校验。"
119,"FSOG-027","Z:\bcbcbcbc\ca-ES\data\已命名电影\FSOG-027+五星+娇小可爱清纯+高颜值.mp4","Actors|Genres|Poster|Fanart|NFO|Description|Series|Director|Studio|ReleaseDate","","JavBus|MetaTube|MDC-NG","Pending","",0,0,"","只请求当前缺失字段；执行前会再次校验。"
124,"AAAAAAAAASTARS-638","Z:\bcbcbcbc\ca-ES\data\已命名电影\AAAAAAAAASTARS-638+五星+娇小可爱清纯+高颜值.mp4","Actors|Genres|Poster|Fanart|NFO|Description|Series|Director|Studio|ReleaseDate","","","Skipped","CodeInvalid",0,0,"","番号识别置信度低于自动联网阈值。"
126,"FC2-1864525","Z:\bcbcbcbc\ca-ES\data\已命名电影\FC2-1864525+不露脸+五星+国产+娇小可爱清纯.mp4","Actors|Genres|Poster|Fanart|Series|Director","","","Skipped","CodeInvalid",0,0,"","番号识别置信度低于自动联网阈值。"
127,"STRS-210","Z:\bcbcbcbc\ca-ES\data\已命名电影\STRS-210+0+四星+高颜值.mp4","Actors|Genres|Poster|Fanart|NFO|Description|Series|Director|Studio|ReleaseDate","","JavBus|MetaTube|MDC-NG","Pending","",0,0,"","只请求当前缺失字段；执行前会再次校验。"
130,"OCS-020","Z:\bcbcbcbc\ca-ES\data\已命名电影\OCS-020+三星+好身材大长腿+高颜值.mp4","Actors|Genres|Poster|Fanart|NFO|Description|Series|Director|Studio|ReleaseDate","","JavBus|MetaTube|MDC-NG","Pending","",0,0,"","只请求当前缺失字段；执行前会再次校验。"
138,"BP-522","Z:\bcbcbcbc\ca-ES\data\已命名电影\BP-522+0+四星+高颜值.mpg","Actors|Genres|Poster|Fanart|NFO|Description|Series|Director|Studio|ReleaseDate","","JavBus|MetaTube|MDC-NG","Pending","",0,0,"","只请求当前缺失字段；执行前会再次校验。"
140,"CWD-278","Z:\bcbcbcbc\ca-ES\data\已命名电影\CWD-278+0+四星+娇小可爱清纯.mp4","Actors|Genres|Poster|Fanart|NFO|Description|Series|Director|Studio|ReleaseDate","","JavBus|MetaTube|MDC-NG","Pending","",0,0,"","只请求当前缺失字段；执行前会再次校验。"
142,"STRS-205","Z:\bcbcbcbc\ca-ES\data\已命名电影\STRS-205+五星+娇小可爱清纯+高颜值.mp4","Actors|Genres|Poster|Fanart|NFO|Description|Series|Director|Studio|ReleaseDate","","JavBus|MetaTube|MDC-NG","Pending","",0,0,"","只请求当前缺失字段；执行前会再次校验。"
144,"FC2-1050737","Z:\bcbcbcbc\ca-ES\data\已命名电影\FC2-1050737+0+四星+无码+白虎.mp4","NFO|Series|Director|Studio|ReleaseDate","","","Skipped","CodeInvalid",0,0,"","番号识别置信度低于自动联网阈值。"
145,"123014_01","Z:\bcbcbcbc\ca-ES\data\已命名电影\123014_01+0+四星+无码+白虎.mp4","NFO|Description|Director","","","Skipped","CodeInvalid",0,0,"","番号识别置信度低于自动联网阈值。"
150,"FC2-2426564","Z:\bcbcbcbc\ca-ES\data\已命名电影\FC2-2426564+不露脸+四星+无码+白虎.mp4","Actors|Series|Director","","","Skipped","CodeInvalid",0,0,"","番号识别置信度低于自动联网阈值。"
152,"TRE-098","Z:\bcbcbcbc\ca-ES\data\已命名电影\TRE-098+0+四星+爆操.mp4","Actors","","JavBus|MetaTube|MDC-NG","Pending","",0,0,"","只请求当前缺失字段；执行前会再次校验。"
155,"WNZ-959","Z:\bcbcbcbc\ca-ES\data\已命名电影\WNZ-959+0+四星+娇小可爱清纯.mp4","Actors|Genres|Poster|Fanart|NFO|Description|Series|Director|Studio|ReleaseDate","","JavBus|MetaTube|MDC-NG","Pending","",0,0,"","只请求当前缺失字段；执行前会再次校验。"
156,"VEM-172","Z:\bcbcbcbc\ca-ES\data\已命名电影\VEM-172+制服+高颜值.mp4","Actors|Genres|Poster|Fanart|NFO|Description|Series|Director|Studio|ReleaseDate","","JavBus|MetaTube|MDC-NG","Pending","",0,0,"","只请求当前缺失字段；执行前会再次校验。"
157,"FC2-1579287","Z:\bcbcbcbc\ca-ES\data\已命名电影\FC2-1579287+0+无码.mp4","Actors|Genres|Poster|Fanart|Series|Director","","","Skipped","CodeInvalid",0,0,"","番号识别置信度低于自动联网阈值。"
159,"STRS-145","Z:\bcbcbcbc\ca-ES\data\已命名电影\STRS-145+0+制服+四星+爆操.mkv","Actors|Genres|Poster|Fanart|NFO|Description|Series|Director|Studio|ReleaseDate","","JavBus|MetaTube|MDC-NG","Pending","",0,0,"","只请求当前缺失字段；执行前会再次校验。"
161,"STSK-041","Z:\bcbcbcbc\ca-ES\data\已命名电影\STSK-041+0+四星+强制+高颜值.mp4","Actors|Director","","JavBus|MetaTube|MDC-NG","Pending","",0,0,"","只请求当前缺失字段；执行前会再次校验。"
180,"","Z:\bcbcbcbc\ca-ES\data\未分类\91大神自拍极品女友 高颜值反差婊90后骚母狗黄菀琳 教科书式性爱 字幕解说.mp4","Actors|Genres|Poster|Fanart|NFO|Description|Series|Director|Studio|ReleaseDate","","","Skipped","CodeInvalid",0,0,"","番号识别置信度低于自动联网阈值。"
181,"","Z:\bcbcbcbc\ca-ES\data\未分类\91极品萝莉风美少女▌粉色情人 ▌欢迎主人回家尽情享用会拐弯的巨根，娇小身躯就要被捅坏了.mp4","Actors|Genres|Poster|Fanart|NFO|Description|Series|Director|Studio|ReleaseDate","","","Skipped","CodeInvalid",0,0,"","番号识别置信度低于自动联网阈值。"
182,"","Z:\bcbcbcbc\ca-ES\data\未分类\G2420.mp4","Actors|Genres|Poster|Fanart|NFO|Description|Series|Director|Studio|ReleaseDate","","","Skipped","CodeInvalid",0,0,"","番号识别置信度低于自动联网阈值。"
183,"","Z:\bcbcbcbc\ca-ES\data\未分类\G2425.mp4","Actors|Genres|Poster|Fanart|NFO|Description|Series|Director|Studio|ReleaseDate","","","Skipped","CodeInvalid",0,0,"","番号识别置信度低于自动联网阈值。"
184,"","Z:\bcbcbcbc\ca-ES\data\未分类\91沈先生11-3双飞大秀.mp4","Actors|Genres|Poster|Fanart|NFO|Description|Series|Director|Studio|ReleaseDate","","","Skipped","CodeInvalid",0,0,"","番号识别置信度低于自动联网阈值。"
227,"","Z:\bcbcbcbc\ca-ES\data\未分类\DRIIIIIIPING and SQUIIIIIIRTING !!! DOUBLE CUM to Squirting Pussy while Shaking Orgasm in Cowgirl.mp4","Actors|Genres|Poster|Fanart|NFO|Description|Series|Director|Studio|ReleaseDate","","","Skipped","CodeInvalid",0,0,"","番号识别置信度低于自动联网阈值。"
243,"","Z:\bcbcbcbc\ca-ES\data\未分类\Female Orgasm while Missionary Pounding Ends with Creampie - CLOSE UP PUSSY FUCK.mp4","Actors|Genres|Poster|Fanart|NFO|Description|Series|Director|Studio|ReleaseDate","","","Skipped","CodeInvalid",0,0,"","番号识别置信度低于自动联网阈值。"
253,"","Z:\bcbcbcbc\ca-ES\data\未分类\G0707.mp4","Actors|Genres|Poster|Fanart|NFO|Description|Series|Director|Studio|ReleaseDate","","","Skipped","CodeInvalid",0,0,"","番号识别置信度低于自动联网阈值。"
254,"","Z:\bcbcbcbc\ca-ES\data\未分类\G0723.mp4","Actors|Genres|Poster|Fanart|NFO|Description|Series|Director|Studio|ReleaseDate","","","Skipped","CodeInvalid",0,0,"","番号识别置信度低于自动联网阈值。"
262,"","Z:\bcbcbcbc\ca-ES\data\未分类\G0319.mp4","Actors|Genres|Poster|Fanart|NFO|Description|Series|Director|Studio|ReleaseDate","","","Skipped","CodeInvalid",0,0,"","番号识别置信度低于自动联网阈值。"
283,"","Z:\bcbcbcbc\ca-ES\data\未分类\G0107.mp4","Actors|Genres|Poster|Fanart|NFO|Description|Series|Director|Studio|ReleaseDate","","","Skipped","CodeInvalid",0,0,"","番号识别置信度低于自动联网阈值。"
284,"","Z:\bcbcbcbc\ca-ES\data\未分类\G0418.mp4","Actors|Genres|Poster|Fanart|NFO|Description|Series|Director|Studio|ReleaseDate","","","Skipped","CodeInvalid",0,0,"","番号识别置信度低于自动联网阈值。"
285,"","Z:\bcbcbcbc\ca-ES\data\未分类\G0706.mp4","Actors|Genres|Poster|Fanart|NFO|Description|Series|Director|Studio|ReleaseDate","","","Skipped","CodeInvalid",0,0,"","番号识别置信度低于自动联网阈值。"
286,"","Z:\bcbcbcbc\ca-ES\data\未分类\G0708.mp4","Actors|Genres|Poster|Fanart|NFO|Description|Series|Director|Studio|ReleaseDate","","","Skipped","CodeInvalid",0,0,"","番号识别置信度低于自动联网阈值。"
287,"","Z:\bcbcbcbc\ca-ES\data\未分类\G1205.mp4","Actors|Genres|Poster|Fanart|NFO|Description|Series|Director|Studio|ReleaseDate","","","Skipped","CodeInvalid",0,0,"","番号识别置信度低于自动联网阈值。"
288,"","Z:\bcbcbcbc\ca-ES\data\未分类\G1401.mp4","Actors|Genres|Poster|Fanart|NFO|Description|Series|Director|Studio|ReleaseDate","","","Skipped","CodeInvalid",0,0,"","番号识别置信度低于自动联网阈值。"
289,"","Z:\bcbcbcbc\ca-ES\data\未分类\G1405.mp4","Actors|Genres|Poster|Fanart|NFO|Description|Series|Director|Studio|ReleaseDate","","","Skipped","CodeInvalid",0,0,"","番号识别置信度低于自动联网阈值。"
290,"","Z:\bcbcbcbc\ca-ES\data\未分类\G1509.mp4","Actors|Genres|Poster|Fanart|NFO|Description|Series|Director|Studio|ReleaseDate","","","Skipped","CodeInvalid",0,0,"","番号识别置信度低于自动联网阈值。"
291,"","Z:\bcbcbcbc\ca-ES\data\未分类\G1511.mp4","Actors|Genres|Poster|Fanart|NFO|Description|Series|Director|Studio|ReleaseDate","","","Skipped","CodeInvalid",0,0,"","番号识别置信度低于自动联网阈值。"
292,"","Z:\bcbcbcbc\ca-ES\data\未分类\G2513.mp4","Actors|Genres|Poster|Fanart|NFO|Description|Series|Director|Studio|ReleaseDate","","","Skipped","CodeInvalid",0,0,"","番号识别置信度低于自动联网阈值。"
293,"","Z:\bcbcbcbc\ca-ES\data\未分类\G3109.mp4","Actors|Genres|Poster|Fanart|NFO|Description|Series|Director|Studio|ReleaseDate","","","Skipped","CodeInvalid",0,0,"","番号识别置信度低于自动联网阈值。"
352,"","Z:\bcbcbcbc\ca-ES\data\未分类\⑤えりか旅行後編特典.mp4","Actors|Genres|Poster|Fanart|NFO|Description|Series|Director|Studio|ReleaseDate","","","Skipped","CodeInvalid",0,0,"","番号识别置信度低于自动联网阈值。"
354,"FC2-1288053","Z:\bcbcbcbc\ca-ES\data\已命名电影\FC2-1288053+四星+无码-1.mp4","NFO|Series|Director|Studio|ReleaseDate","","","Skipped","CodeInvalid",0,0,"","番号识别置信度低于自动联网阈值。"
357,"030416_512","Z:\bcbcbcbc\ca-ES\data\已命名电影\030416_512+四星+无码.mp4","Actors|Genres|Poster|Fanart|NFO|Description|Series|Director|Studio|ReleaseDate","","","Skipped","CodeInvalid",0,0,"","番号识别置信度低于自动联网阈值。"
359,"420MGMR-131","Z:\bcbcbcbc\ca-ES\data\已命名电影\420MGMR-131+丝袜+四星+好身材大长腿.mp4","Actors|Series|Director","","JavBus|MetaTube|MDC-NG","Pending","",0,0,"","只请求当前缺失字段；执行前会再次校验。"
361,"JEAN-480P","Z:\bcbcbcbc\ca-ES\data\已命名电影\JEAN-480P+外国+大屌.mp4","Actors|Genres|Poster|Fanart|NFO|Description|Series|Director|Studio|ReleaseDate","","","Skipped","CodeInvalid",0,0,"","番号识别置信度低于自动联网阈值。"
380,"","Z:\bcbcbcbc\ca-ES\data\未分类\B2414.mp4","Actors|Genres|Poster|Fanart|NFO|Description|Series|Director|Studio|ReleaseDate","","","Skipped","CodeInvalid",0,0,"","番号识别置信度低于自动联网阈值。"
409,"EBOD-00615H","Z:\bcbcbcbc\ca-ES\data\已命名电影\EBOD-00615H+四星+紧身裤.mp4","Actors|Genres|Poster|Fanart|NFO|Description|Series|Director|Studio|ReleaseDate","","","Skipped","CodeInvalid",0,0,"","番号识别置信度低于自动联网阈值。"
412,"0309MIAE-190","Z:\bcbcbcbc\ca-ES\data\未分类\0309miae190-h264.mp4","Actors|Genres|Poster|Fanart|NFO|Description|Series|Director|Studio|ReleaseDate","","JavBus|MetaTube|MDC-NG","Pending","",0,0,"","只请求当前缺失字段；执行前会再次校验。"
425,"DNW-053","Z:\bcbcbcbc\ca-ES\data\已命名电影\DNW-053+四星-1.mp4","Actors|Director","","JavBus|MetaTube|MDC-NG","Pending","",0,0,"","只请求当前缺失字段；执行前会再次校验。"
442,"","Z:\bcbcbcbc\ca-ES\data\未分类\B1413.mp4","Actors|Genres|Poster|Fanart|NFO|Description|Series|Director|Studio|ReleaseDate","","","Skipped","CodeInvalid",0,0,"","番号识别置信度低于自动联网阈值。"
474,"QQCM-002","Z:\bcbcbcbc\ca-ES\data\已命名电影\QQCM-002-三星+国产+短片.mp4","Actors|Genres|Poster|Fanart|NFO|Description|Series|Director|Studio|ReleaseDate","","JavBus|MetaTube|MDC-NG","Pending","",0,0,"","只请求当前缺失字段；执行前会再次校验。"
492,"AVAV-77","Z:\bcbcbcbc\ca-ES\data\已命名电影\AVAV-77+bc+五星+高颜值.mp4","Actors|Genres|Poster|Fanart|NFO|Description|Series|Director|Studio|ReleaseDate","","JavBus|MetaTube|MDC-NG","Pending","",0,0,"","只请求当前缺失字段；执行前会再次校验。"
502,"","Z:\bcbcbcbc\ca-ES\data\未分类\【极品成人手游】放置传说 ! 三上化身歌姬，可以对她坏坏唷~.mp4","Actors|Genres|Poster|Fanart|NFO|Description|Series|Director|Studio|ReleaseDate","","","Skipped","CodeInvalid",0,0,"","番号识别置信度低于自动联网阈值。"
510,"","Z:\bcbcbcbc\ca-ES\data\未分类\91小郎君酒店约炮女神级的少妇 蒙眼操B 玩足交 最后还要操女神的嘴 高清露脸（薄码）完整版.mp4","Actors|Genres|Poster|Fanart|NFO|Description|Series|Director|Studio|ReleaseDate","","","Skipped","CodeInvalid",0,0,"","番号识别置信度低于自动联网阈值。"
534,"259LUXU-752","Z:\bcbcbcbc\ca-ES\data\已命名电影\259LUXU-752+三星+丝袜+制服+好身材大长腿.mp4","Actors|Genres|Poster|Fanart|NFO|Description|Series|Director|Studio|ReleaseDate","","JavBus|MetaTube|MDC-NG","Pending","",0,0,"","只请求当前缺失字段；执行前会再次校验。"
544,"","Z:\bcbcbcbc\ca-ES\data\未分类\G0910.mp4","Actors|Genres|Poster|Fanart|NFO|Description|Series|Director|Studio|ReleaseDate","","","Skipped","CodeInvalid",0,0,"","番号识别置信度低于自动联网阈值。"
545,"","Z:\bcbcbcbc\ca-ES\data\未分类\G1206.mp4","Actors|Genres|Poster|Fanart|NFO|Description|Series|Director|Studio|ReleaseDate","","","Skipped","CodeInvalid",0,0,"","番号识别置信度低于自动联网阈值。"
546,"","Z:\bcbcbcbc\ca-ES\data\未分类\G1213.mp4","Actors|Genres|Poster|Fanart|NFO|Description|Series|Director|Studio|ReleaseDate","","","Skipped","CodeInvalid",0,0,"","番号识别置信度低于自动联网阈值。"
547,"","Z:\bcbcbcbc\ca-ES\data\未分类\G1806.mp4","Actors|Genres|Poster|Fanart|NFO|Description|Series|Director|Studio|ReleaseDate","","","Skipped","CodeInvalid",0,0,"","番号识别置信度低于自动联网阈值。"
570,"FC2-3163986","Z:\bcbcbcbc\ca-ES\data\已命名电影\FC2-3163986+五星+娇小可爱清纯+高颜值.mp4","Actors|Series|Director","","","Skipped","CodeInvalid",0,0,"","番号识别置信度低于自动联网阈值。"
577,"FC2-3116291","Z:\bcbcbcbc\ca-ES\data\已命名电影\FC2-3116291+四星+娇小可爱清纯+无码.mp4","Actors|Series|Director","","","Skipped","CodeInvalid",0,0,"","番号识别置信度低于自动联网阈值。"
604,"AIRU20200725","Z:\bcbcbcbc\ca-ES\data\已命名电影\VIDEO-2020-国产+好身材大长腿+短片-1.mp4","Actors|Fanart|NFO|Description|Series|Director","","","Conflict","CodeConflict",0,0,"","数据库番号 AIRU20200725 与文件重识别 VIDEO-2020 不一致。"
634,"SHKD-00775H","Z:\bcbcbcbc\ca-ES\data\未分类\shkd00775hhb.mp4","NFO|Series|Director|Studio|ReleaseDate","","","Skipped","CodeInvalid",0,0,"","番号识别置信度低于自动联网阈值。"
707,"HONB-281","Z:\bcbcbcbc\ca-ES\data\已命名电影\HHD-800+四星+按摩.mp4","Actors|Director","","","Conflict","CodeConflict",0,0,"","数据库番号 HONB-281 与文件重识别 HHD-800 不一致。"
759,"230ORECO-408","Z:\bcbcbcbc\ca-ES\data\未分类\230ORECO-408.mp4","Actors|Series|Director","","JavBus|MetaTube|MDC-NG","Pending","",0,0,"","只请求当前缺失字段；执行前会再次校验。"
761,"ORECO-369","Z:\bcbcbcbc\ca-ES\data\未分类\230ORECO-369.mp4","Actors|Series|Director","","","Conflict","CodeConflict",0,0,"","数据库番号 ORECO-369 与文件重识别 230ORECO-369 不一致。"
763,"230ORECO-239","Z:\bcbcbcbc\ca-ES\data\未分类\230ORECO-239.mp4","Actors|Series|Director","","JavBus|MetaTube|MDC-NG","Pending","",0,0,"","只请求当前缺失字段；执行前会再次校验。"
764,"230ORECO-238","Z:\bcbcbcbc\ca-ES\data\未分类\230ORECO-238.mp4","Actors|Series|Director","","JavBus|MetaTube|MDC-NG","Pending","",0,0,"","只请求当前缺失字段；执行前会再次校验。"
765,"230ORECO-190","Z:\bcbcbcbc\ca-ES\data\未分类\230ORECO-190.mp4","Actors|Series|Director","","JavBus|MetaTube|MDC-NG","Pending","",0,0,"","只请求当前缺失字段；执行前会再次校验。"
766,"229SCUTE-1304","Z:\bcbcbcbc\ca-ES\data\未分类\229SCUTE-1304.mp4","Actors|Series|Director","","JavBus|MetaTube|MDC-NG","Pending","",0,0,"","只请求当前缺失字段；执行前会再次校验。"
785,"SP-0366","Z:\bcbcbcbc\ca-ES\data\未分类\SP0366_水森一葉.wmv","Actors|Series|Director","","JavBus|MetaTube|MDC-NG","Pending","",0,0,"","只请求当前缺失字段；执行前会再次校验。"
793,"","Z:\bcbcbcbc\ca-ES\data\未分类\Manhandled 4 (CD2).avi","Actors|Genres|Poster|Fanart|NFO|Description|Series|Director|Studio|ReleaseDate","","","Skipped","CodeInvalid",0,0,"","番号识别置信度低于自动联网阈值。"
794,"","Z:\bcbcbcbc\ca-ES\data\未分类\Manhandled 4 (CD1).avi","Actors|Genres|Poster|Fanart|NFO|Description|Series|Director|Studio|ReleaseDate","","","Skipped","CodeInvalid",0,0,"","番号识别置信度低于自动联网阈值。"
1001,"","Z:\bcbcbcbc\ca-ES\data\未分类\NY.mp4","Actors|Genres|Poster|Fanart|NFO|Description|Series|Director|Studio|ReleaseDate","","","Skipped","CodeInvalid",0,0,"","番号识别置信度低于自动联网阈值。"
1002,"","Z:\bcbcbcbc\ca-ES\data\未分类\NY-b.mp4","Actors|Genres|Poster|Fanart|NFO|Description|Series|Director|Studio|ReleaseDate","","","Skipped","CodeInvalid",0,0,"","番号识别置信度低于自动联网阈值。"
1003,"","Z:\bcbcbcbc\ca-ES\data\未分类\NY-A.mp4","Actors|Genres|Poster|Fanart|NFO|Description|Series|Director|Studio|ReleaseDate","","","Skipped","CodeInvalid",0,0,"","番号识别置信度低于自动联网阈值。"
1085,"","Z:\bcbcbcbc\ca-ES\data\未分类\HE CUMS 3 TIMES !!! eXXXtreme Squirting and MULTIPLE DRIPPING CREAMPIE - HONEY PLAY BOX THREESOME !.mp4","Actors|Genres|Poster|Fanart|NFO|Description|Series|Director|Studio|ReleaseDate","","","Skipped","CodeInvalid",0,0,"","番号识别置信度低于自动联网阈值。"
1153,"","Z:\bcbcbcbc\ca-ES\data\未分类\论坛大神2023最新性爱投稿 桃心丝袜的老婆淫荡做爱 全新姿势啪啪 高清1080P原版无水印.mp4","Actors|Genres|Poster|Fanart|NFO|Description|Series|Director|Studio|ReleaseDate","","","Skipped","CodeInvalid",0,0,"","番号识别置信度低于自动联网阈值。"
1158,"","Z:\bcbcbcbc\ca-ES\data\未分类\工作不仔细给公司造成重大损失 性感秘书被老板操完还要给舔干净 -十万网红美女 美酱.mp4","Actors|Genres|Poster|Fanart|NFO|Description|Series|Director|Studio|ReleaseDate","","","Skipped","CodeInvalid",0,0,"","番号识别置信度低于自动联网阈值。"
1164,"","Z:\bcbcbcbc\ca-ES\data\未分类\电竞少女cos西施约见 网友小姐姐不料是个男的被按到床上内射中出.mp4","Actors|Genres|Poster|Fanart|NFO|Description|Series|Director|Studio|ReleaseDate","","","Skipped","CodeInvalid",0,0,"","番号识别置信度低于自动联网阈值。"
1188,"FC2-1888207","Z:\bcbcbcbc\ca-ES\data\未分类\fc1888207_sp.mp4","Actors|Series|Director","","","Conflict","CodeConflict",0,0,"","数据库番号 FC2-1888207 与文件重识别 FC-1888207 不一致。"
1221,"","Z:\bcbcbcbc\ca-ES\data\未分类\G0104.mp4","Actors|Genres|Poster|Fanart|NFO|Description|Series|Director|Studio|ReleaseDate","","","Skipped","CodeInvalid",0,0,"","番号识别置信度低于自动联网阈值。"
1222,"","Z:\bcbcbcbc\ca-ES\data\未分类\G1202.mp4","Actors|Genres|Poster|Fanart|NFO|Description|Series|Director|Studio|ReleaseDate","","","Skipped","CodeInvalid",0,0,"","番号识别置信度低于自动联网阈值。"
1223,"","Z:\bcbcbcbc\ca-ES\data\未分类\G1315.mp4","Actors|Genres|Poster|Fanart|NFO|Description|Series|Director|Studio|ReleaseDate","","","Skipped","CodeInvalid",0,0,"","番号识别置信度低于自动联网阈值。"
1224,"","Z:\bcbcbcbc\ca-ES\data\未分类\G3122.mp4","Actors|Genres|Poster|Fanart|NFO|Description|Series|Director|Studio|ReleaseDate","","","Skipped","CodeInvalid",0,0,"","番号识别置信度低于自动联网阈值。"
1245,"NAPK-1602","Z:\bcbcbcbc\ca-ES\data\未分类\NYAP-2P+四星.mp4","Actors|Director","","","Skipped","CodeInvalid",0,0,"","番号识别置信度低于自动联网阈值。"
1246,"FC2-3059148","Z:\bcbcbcbc\ca-ES\data\已命名电影\FC2-3059148+五星+无码+高颜值-1.mp4","Actors|Series|Director","","","Skipped","CodeInvalid",0,0,"","番号识别置信度低于自动联网阈值。"
1270,"230ORECO-048","Z:\bcbcbcbc\ca-ES\data\未分类\230ORECO-048.mp4","Actors|Series|Director","","JavBus|MetaTube|MDC-NG","Pending","",0,0,"","只请求当前缺失字段；执行前会再次校验。"
1288,"FC2-1932561","Z:\bcbcbcbc\ca-ES\data\已命名电影\FC2-1932561+四星+无码.mp4","Actors|Series|Director","","","Skipped","CodeInvalid",0,0,"","番号识别置信度低于自动联网阈值。"
1295,"229SCUTE-1429","Z:\bcbcbcbc\ca-ES\data\未分类\229SCUTE-1429.mp4","Actors|Series|Director","","JavBus|MetaTube|MDC-NG","Pending","",0,0,"","只请求当前缺失字段；执行前会再次校验。"
1296,"230ORECO-050","Z:\bcbcbcbc\ca-ES\data\未分类\230ORECO-050.mp4","Actors|Series|Director","","JavBus|MetaTube|MDC-NG","Pending","",0,0,"","只请求当前缺失字段；执行前会再次校验。"
1310,"FC2-4025269","Z:\bcbcbcbc\ca-ES\data\已命名电影\FC2-4025269+四星+无码+高颜值-1.mp4","Actors|Genres|Poster|Fanart|Series|Director","","","Skipped","CodeInvalid",0,0,"","番号识别置信度低于自动联网阈值。"
1326,"","Z:\bcbcbcbc\ca-ES\data\未分类\manyvids.2023.shinaryen.halloween.threesome.with.witch.and.slutty.kitty.creampie.xxx.mp4","Actors|Genres|Poster|Fanart|NFO|Description|Series|Director|Studio|ReleaseDate","","","Conflict","CodeConflict",0,0,"","数据库番号  与文件重识别 MANYVIDS-2023 不一致。"
1346,"","Z:\bcbcbcbc\ca-ES\data\未分类\91情深叉喔 同学聚会前的巨乳骚妻性爱体验 爽滑胸推奸淫巨乳 坚硬大屌爆肏蜜穴 淫靡中出精液.mp4","Actors|Genres|Poster|Fanart|NFO|Description|Series|Director|Studio|ReleaseDate","","","Skipped","CodeInvalid",0,0,"","番号识别置信度低于自动联网阈值。"
1348,"","Z:\bcbcbcbc\ca-ES\data\未分类\G1314.mp4","Actors|Genres|Poster|Fanart|NFO|Description|Series|Director|Studio|ReleaseDate","","","Skipped","CodeInvalid",0,0,"","番号识别置信度低于自动联网阈值。"
1349,"","Z:\bcbcbcbc\ca-ES\data\未分类\G1713.mp4","Actors|Genres|Poster|Fanart|NFO|Description|Series|Director|Studio|ReleaseDate","","","Skipped","CodeInvalid",0,0,"","番号识别置信度低于自动联网阈值。"
1400,"HOMEV-005","Z:\bcbcbcbc\ca-ES\data\已命名电影\HOMEV-005+四星+高颜值.mp4","Actors|Genres|Series|Director|Studio","","JavBus|MetaTube|MDC-NG","Pending","",0,0,"","只请求当前缺失字段；执行前会再次校验。"
1430,"FC2-1780072","Z:\bcbcbcbc\ca-ES\data\已命名电影\FC2-1780072+五星+高颜值.mp4","Actors|Genres|Series|Director","","","Skipped","CodeInvalid",0,0,"","番号识别置信度低于自动联网阈值。"
1463,"MKHH-8U","Z:\bcbcbcbc\ca-ES\data\已命名电影\MKHH-8U+五星+娇小可爱清纯+换脸AI+高颜值.mp4","NFO|Series|Director|Studio|ReleaseDate","","","Skipped","CodeInvalid",0,0,"","番号识别置信度低于自动联网阈值。"
1478,"","Z:\bcbcbcbc\ca-ES\data\已命名电影\+五星+外国+大屌+无码.mp4","Actors|Genres|Poster|Fanart|NFO|Description|Series|Director|Studio|ReleaseDate","","","Skipped","CodeInvalid",0,0,"","番号识别置信度低于自动联网阈值。"
1484,"ABF-089H","Z:\bcbcbcbc\ca-ES\data\已命名电影\ABF-089H+五星+娇小可爱清纯+高颜值.mp4","NFO|Series|Director|Studio|ReleaseDate","","","Skipped","CodeInvalid",0,0,"","番号识别置信度低于自动联网阈值。"
1490,"","Z:\bcbcbcbc\ca-ES\data\未分类\032.mp4","Actors|Genres|Poster|Fanart|NFO|Description|Series|Director|Studio|ReleaseDate","","","Skipped","CodeInvalid",0,0,"","番号识别置信度低于自动联网阈值。"
1491,"","Z:\bcbcbcbc\ca-ES\data\未分类\045.mp4","Actors|Genres|Poster|Fanart|NFO|Description|Series|Director|Studio|ReleaseDate","","","Skipped","CodeInvalid",0,0,"","番号识别置信度低于自动联网阈值。"
1492,"","Z:\bcbcbcbc\ca-ES\data\未分类\046.mp4","Actors|Genres|Poster|Fanart|NFO|Description|Series|Director|Studio|ReleaseDate","","","Skipped","CodeInvalid",0,0,"","番号识别置信度低于自动联网阈值。"
1493,"","Z:\bcbcbcbc\ca-ES\data\未分类\048.mp4","Actors|Genres|Poster|Fanart|NFO|Description|Series|Director|Studio|ReleaseDate","","","Skipped","CodeInvalid",0,0,"","番号识别置信度低于自动联网阈值。"
1494,"","Z:\bcbcbcbc\ca-ES\data\未分类\049.mp4","Actors|Genres|Poster|Fanart|NFO|Description|Series|Director|Studio|ReleaseDate","","","Skipped","CodeInvalid",0,0,"","番号识别置信度低于自动联网阈值。"
1495,"","Z:\bcbcbcbc\ca-ES\data\未分类\051.mp4","Actors|Genres|Poster|Fanart|NFO|Description|Series|Director|Studio|ReleaseDate","","","Skipped","CodeInvalid",0,0,"","番号识别置信度低于自动联网阈值。"
1496,"","Z:\bcbcbcbc\ca-ES\data\未分类\052.mp4","Actors|Genres|Poster|Fanart|NFO|Description|Series|Director|Studio|ReleaseDate","","","Skipped","CodeInvalid",0,0,"","番号识别置信度低于自动联网阈值。"
1497,"","Z:\bcbcbcbc\ca-ES\data\未分类\053.mp4","Actors|Genres|Poster|Fanart|NFO|Description|Series|Director|Studio|ReleaseDate","","","Skipped","CodeInvalid",0,0,"","番号识别置信度低于自动联网阈值。"
1498,"","Z:\bcbcbcbc\ca-ES\data\未分类\055.mp4","Actors|Genres|Poster|Fanart|NFO|Description|Series|Director|Studio|ReleaseDate","","","Skipped","CodeInvalid",0,0,"","番号识别置信度低于自动联网阈值。"
1499,"","Z:\bcbcbcbc\ca-ES\data\未分类\056.mp4","Actors|Genres|Poster|Fanart|NFO|Description|Series|Director|Studio|ReleaseDate","","","Skipped","CodeInvalid",0,0,"","番号识别置信度低于自动联网阈值。"
1500,"","Z:\bcbcbcbc\ca-ES\data\未分类\057.mp4","Actors|Genres|Poster|Fanart|NFO|Description|Series|Director|Studio|ReleaseDate","","","Skipped","CodeInvalid",0,0,"","番号识别置信度低于自动联网阈值。"
1501,"","Z:\bcbcbcbc\ca-ES\data\未分类\80多斤顶级美腿！翘起屁股求操！打开门楼道后入，开档内裤骑乘自慰，高潮狂喷淫水太骚了.mp4","Actors|Genres|Poster|Fanart|NFO|Description|Series|Director|Studio|ReleaseDate","","","Skipped","CodeInvalid",0,0,"","番号识别置信度低于自动联网阈值。"
1502,"","Z:\bcbcbcbc\ca-ES\data\未分类\061.mp4","Actors|Genres|Poster|Fanart|NFO|Description|Series|Director|Studio|ReleaseDate","","","Skipped","CodeInvalid",0,0,"","番号识别置信度低于自动联网阈值。"
1503,"","Z:\bcbcbcbc\ca-ES\data\未分类\060.mp4","Actors|Genres|Poster|Fanart|NFO|Description|Series|Director|Studio|ReleaseDate","","","Skipped","CodeInvalid",0,0,"","番号识别置信度低于自动联网阈值。"
1504,"","Z:\bcbcbcbc\ca-ES\data\未分类\059.mp4","Actors|Genres|Poster|Fanart|NFO|Description|Series|Director|Studio|ReleaseDate","","","Skipped","CodeInvalid",0,0,"","番号识别置信度低于自动联网阈值。"
1505,"","Z:\bcbcbcbc\ca-ES\data\未分类\058.mp4","Actors|Genres|Poster|Fanart|NFO|Description|Series|Director|Studio|ReleaseDate","","","Skipped","CodeInvalid",0,0,"","番号识别置信度低于自动联网阈值。"
1511,"FSOG-008","Z:\bcbcbcbc\ca-ES\data\已命名电影\FSOG-008+不露脸+五星+国产+娇小可爱清纯+白虎.mp4","NFO|Series|Director|Studio|ReleaseDate","","MetaTube|JavBus|MDC-NG","Pending","",0,0,"","只请求当前缺失字段；执行前会再次校验。"
1515,"STP-33959","Z:\bcbcbcbc\ca-ES\data\已命名电影\STP-33959+四星+多人.mp4","NFO|Series|Director|Studio|ReleaseDate","","MetaTube|JavBus|MDC-NG","Pending","",0,0,"","只请求当前缺失字段；执行前会再次校验。"
1516,"FC2-1586940","Z:\bcbcbcbc\ca-ES\data\未分类\fc1586940_SP.mp4","Actors|Series|Director","","","Conflict","CodeConflict",0,0,"","数据库番号 FC2-1586940 与文件重识别 FC-1586940 不一致。"
1525,"SONE-2130","Z:\bcbcbcbc\ca-ES\data\已命名电影\SONE-2130+四星+娇小可爱清纯.mp4","NFO|Series|Director|Studio|ReleaseDate","","MetaTube|JavBus|MDC-NG","Pending","",0,0,"","只请求当前缺失字段；执行前会再次校验。"
1651,"SEG-1274153949","Z:\bcbcbcbc\ca-ES\data\已命名电影\SEG-1274153949+BCBCBC+不露脸+五星+好身材大长腿+无码+短片.mp4","NFO|Series|Director|Studio|ReleaseDate","","","Skipped","CodeInvalid",0,0,"","番号识别置信度低于自动联网阈值。"
1652,"SEG-915370311","Z:\bcbcbcbc\ca-ES\data\已命名电影\SEG-915370311+不露脸+五星+国产+捅主任.mp4","NFO|Series|Director|Studio|ReleaseDate","","","Skipped","CodeInvalid",0,0,"","番号识别置信度低于自动联网阈值。"
1669,"230ORECO-882","E:\完成\230ORECO-882.mp4","Actors|Series|Director","","JavBus|MetaTube|MDC-NG","Pending","",0,0,"","只请求当前缺失字段；执行前会再次校验。"
1795,"","E:\完成\Abigaile Johnson - Foreign Teen Rub Down.mp4","Actors|Genres|Poster|Fanart|NFO|Description|Series|Director|Studio|ReleaseDate","","","Skipped","CodeInvalid",0,0,"","番号识别置信度低于自动联网阈值。"
1805,"","Z:\bcbcbcbc\ca-ES\data\未分类\91情深叉喔 极品反差女仆连续榨精三天 无敌巨乳嫩穴 吸精摄魂当代聂小倩 发情的女人最恐怖.mp4","Actors|Genres|Poster|Fanart|NFO|Description|Series|Director|Studio|ReleaseDate","","","Skipped","CodeInvalid",0,0,"","番号识别置信度低于自动联网阈值。"
1806,"AAP-2270","Z:\bcbcbcbc\ca-ES\data\已命名电影\AAP-2270+五星+国产+白虎+高颜值.mp4","NFO|Series|Director|Studio|ReleaseDate","","MetaTube|JavBus|MDC-NG","Pending","",0,0,"","只请求当前缺失字段；执行前会再次校验。"
1841,"230ORECZ-179","E:\完成\230ORECZ-179.mp4","Actors|Series|Director","","JavBus|MetaTube|MDC-NG","Pending","",0,0,"","只请求当前缺失字段；执行前会再次校验。"
1842,"230ORECZ-181","E:\完成\230ORECZ-181.mp4","Actors|Series|Director","","JavBus|MetaTube|MDC-NG","Pending","",0,0,"","只请求当前缺失字段；执行前会再次校验。"
1905,"","Z:\bcbcbcbc\ca-ES\data\未分类2\叔侄乱伦】，推特坏叔叔，乱伦大神【侄女小夕】付费福利，娇嫩00后小侄女被各种玩肏.mp4","Actors|Genres|Poster|Fanart|NFO|Description|Series|Director|Studio|ReleaseDate","","","Skipped","CodeInvalid",0,0,"","番号识别置信度低于自动联网阈值。"
1983,"FC2-1206782","Z:\bcbcbcbc\ca-ES\data\未分类\fc1206782_sp (2).mp4","Actors|Genres|Series|Director","","","Conflict","CodeConflict",0,0,"","数据库番号 FC2-1206782 与文件重识别 FC-1206782 不一致。"
2007,"FC2-4828947","Z:\bcbcbcbc\ca-ES\data\未分类2\FC2PPV- 4828947- 2.mp4","Actors|Genres|Poster|Fanart|Description|Series|Director","","","Conflict","CodeConflict",0,0,"","数据库番号 FC2-4828947 与文件重识别 FC2-PPV-4828947 不一致。"
2167,"","F:\完成2\ai女友.mp4","Actors|Genres|Poster|Fanart|NFO|Description|Series|Director|Studio|ReleaseDate","","","Skipped","CodeInvalid",0,0,"","番号识别置信度低于自动联网阈值。"
2273,"546EROFV-379","F:\完成2\546EROFV-379.mp4","Actors|Series|Director","","JavBus|MetaTube|MDC-NG","Pending","",0,0,"","只请求当前缺失字段；执行前会再次校验。"
2336,"C-2237","F:\完成2\C-2237.mp4","Actors|Description|Director","","","Skipped","CodeInvalid",0,0,"","番号识别置信度低于自动联网阈值。"
2337,"C-2246","F:\完成2\C-2246AI.mp4","Actors|Director","","","Skipped","CodeInvalid",0,0,"","番号识别置信度低于自动联网阈值。"
2338,"C-2258","F:\完成2\C-2258.mp4","Actors|Director","","","Skipped","CodeInvalid",0,0,"","番号识别置信度低于自动联网阈值。"
2452,"","F:\完成2\kkm hsqq.mp4","Actors|Genres|Poster|Fanart|NFO|Description|Series|Director|Studio|ReleaseDate","","","Skipped","CodeInvalid",0,0,"","番号识别置信度低于自动联网阈值。"
2453,"","F:\完成2\Mgs数字代购.mp4","Actors|Genres|Poster|Fanart|NFO|Description|Series|Director|Studio|ReleaseDate","","","Skipped","CodeInvalid",0,0,"","番号识别置信度低于自动联网阈值。"
2504,"DNW-053","Z:\bcbcbcbc\ca-ES\data\已命名电影\DNW-053+四星-2.mp4","Actors|Director","","JavBus|MetaTube|MDC-NG","Pending","",0,0,"","只请求当前缺失字段；执行前会再次校验。"
2505,"FC2-1288053+四星+无码-2","Z:\bcbcbcbc\ca-ES\data\已命名电影\FC2-1288053+四星+无码-2.mp4","Actors|Genres|Poster|Fanart|NFO|Description|Series|Director|Studio|ReleaseDate","","","Skipped","CodeInvalid",0,0,"","番号识别置信度低于自动联网阈值。"
2506,"FC2-3059148+五星+无码+高颜值-2","Z:\bcbcbcbc\ca-ES\data\已命名电影\FC2-3059148+五星+无码+高颜值-2.mp4","Actors|Poster|Fanart|Series|Director","","","Skipped","CodeInvalid",0,0,"","番号识别置信度低于自动联网阈值。"
2507,"FC2-3061625+0+五星+无码+白虎+高颜值","Z:\bcbcbcbc\ca-ES\data\已命名电影\FC2-3061625+0+五星+无码+白虎+高颜值.mp4","Actors|Poster|Fanart|Series|Director","","","Skipped","CodeInvalid",0,0,"","番号识别置信度低于自动联网阈值。"
2508,"FC2-4025269+四星+无码+高颜值-2","Z:\bcbcbcbc\ca-ES\data\已命名电影\FC2-4025269+四星+无码+高颜值-2.mp4","Actors|Genres|Poster|Fanart|Series|Director","","","Skipped","CodeInvalid",0,0,"","番号识别置信度低于自动联网阈值。"
2509,"FC2-880652+0+无码+高颜值","Z:\bcbcbcbc\ca-ES\data\已命名电影\FC2-880652+0+无码+高颜值.mp4","Actors|Genres|Poster|Fanart|NFO|Description|Series|Director|Studio|ReleaseDate","","","Skipped","CodeInvalid",0,0,"","番号识别置信度低于自动联网阈值。"
2510,"FC2-880652+无码+高颜值-2","Z:\bcbcbcbc\ca-ES\data\已命名电影\FC2-880652+无码+高颜值-2.mp4","Actors|Genres|Poster|Fanart|NFO|Description|Series|Director|Studio|ReleaseDate","","","Skipped","CodeInvalid",0,0,"","番号识别置信度低于自动联网阈值。"
2511,"FC2-880652+无码+高颜值-3","Z:\bcbcbcbc\ca-ES\data\已命名电影\FC2-880652+无码+高颜值-3.mp4","Actors|Genres|Poster|Fanart|NFO|Description|Series|Director|Studio|ReleaseDate","","","Skipped","CodeInvalid",0,0,"","番号识别置信度低于自动联网阈值。"
2513,"HHD-800","Z:\bcbcbcbc\ca-ES\data\已命名电影\HHD-800+骑兵.mp4","Actors|Genres|Poster|Fanart|NFO|Description|Series|Director|Studio|ReleaseDate","","JavBus|MetaTube|MDC-NG","Pending","",0,0,"","只请求当前缺失字段；执行前会再次校验。"
2540,"VIDEO-2020","Z:\bcbcbcbc\ca-ES\data\已命名电影\VIDEO-2020-国产+好身材大长腿+短片-2.mp4","Actors|Genres|Poster|Fanart|NFO|Description|Series|Director|Studio|ReleaseDate","","JavBus|MetaTube|MDC-NG","Pending","",0,0,"","只请求当前缺失字段；执行前会再次校验。"
2542,"200GANA-1570","Z:\bcbcbcbc\ca-ES\data\未分类\200GANA-1570.mp4","Actors|Genres|Poster|Fanart|NFO|Description|Series|Director|Studio|ReleaseDate","","JavBus|MetaTube|MDC-NG","Pending","",0,0,"","只请求当前缺失字段；执行前会再次校验。"
2543,"224DTSL-055","Z:\bcbcbcbc\ca-ES\data\未分类\224DTSL-055.mp4","Actors|Genres|Poster|Fanart|NFO|Description|Series|Director|Studio|ReleaseDate","","JavBus|MetaTube|MDC-NG","Pending","",0,0,"","只请求当前缺失字段；执行前会再次校验。"
2558,"380SQB-225","Z:\bcbcbcbc\ca-ES\data\未分类\380SQB-225.mp4","Actors|Series|Director","","JavBus|MetaTube|MDC-NG","Pending","",0,0,"","只请求当前缺失字段；执行前会再次校验。"
2559,"420HOI-245","Z:\bcbcbcbc\ca-ES\data\未分类\420HOI-245.mp4","Actors|Series|Director","","JavBus|MetaTube|MDC-NG","Pending","",0,0,"","只请求当前缺失字段；执行前会再次校验。"
2560,"420POW-062","Z:\bcbcbcbc\ca-ES\data\未分类\420POW-062.mp4","Actors|Series|Director","","JavBus|MetaTube|MDC-NG","Pending","",0,0,"","只请求当前缺失字段；执行前会再次校验。"
2567,"534IND-119","Z:\bcbcbcbc\ca-ES\data\未分类\534IND-119.mp4","Actors|Series|Director","","JavBus|MetaTube|MDC-NG","Pending","",0,0,"","只请求当前缺失字段；执行前会再次校验。"
2568,"534POK-040","Z:\bcbcbcbc\ca-ES\data\未分类\534POK-040.mp4","Actors|Series|Director","","JavBus|MetaTube|MDC-NG","Pending","",0,0,"","只请求当前缺失字段；执行前会再次校验。"
2569,"726ANKK-017","Z:\bcbcbcbc\ca-ES\data\未分类\726ANKK-017.mp4","Actors|Genres|Poster|Fanart|NFO|Description|Series|Director|Studio|ReleaseDate","","JavBus|MetaTube|MDC-NG","Pending","",0,0,"","只请求当前缺失字段；执行前会再次校验。"
2570,"777YMYM-030","Z:\bcbcbcbc\ca-ES\data\未分类\777YMYM-030.mp4","Actors|Genres|Poster|Fanart|NFO|Description|Series|Director|Studio|ReleaseDate","","JavBus|MetaTube|MDC-NG","Pending","",0,0,"","只请求当前缺失字段；执行前会再次校验。"
2587,"BNST-077","Z:\bcbcbcbc\ca-ES\data\未分类\BNST-077.mp4","Actors","","JavBus|MetaTube|MDC-NG","Pending","",0,0,"","只请求当前缺失字段；执行前会再次校验。"
2595,"FC2-PPV-1245249","Z:\bcbcbcbc\ca-ES\data\未分类\FC2-PPV-1245249.mp4","Actors|Genres|Poster|Fanart|NFO|Description|Series|Director|Studio|ReleaseDate","","JavBus|MetaTube|MDC-NG","Pending","",0,0,"","只请求当前缺失字段；执行前会再次校验。"
2597,"FC2-PPV-1288053_D","Z:\bcbcbcbc\ca-ES\data\未分类\FC2-PPV-1288053_D.mp4","Actors|Genres|Poster|Fanart|NFO|Description|Series|Director|Studio|ReleaseDate","","","Conflict","CodeConflict",0,0,"","数据库番号 FC2-PPV-1288053_D 与文件重识别 FC2-PPV-1288053 不一致。"
2598,"FC2-PPV-1293958","Z:\bcbcbcbc\ca-ES\data\未分类\FC2-PPV-1293958.mp4","Actors|Series|Director","","JavBus|MetaTube|MDC-NG","Pending","",0,0,"","只请求当前缺失字段；执行前会再次校验。"
2599,"FC2-PPV-1612485","Z:\bcbcbcbc\ca-ES\data\未分类\FC2-PPV-1612485.mp4","Actors|Series|Director","","JavBus|MetaTube|MDC-NG","Pending","",0,0,"","只请求当前缺失字段；执行前会再次校验。"
2600,"FC2-PPV-1628569_1","Z:\bcbcbcbc\ca-ES\data\未分类\FC2-PPV-1628569_1.mp4","Actors|Series|Director","","","Conflict","CodeConflict",0,0,"","数据库番号 FC2-PPV-1628569_1 与文件重识别 FC2-PPV-1628569 不一致。"
2601,"FC2-PPV-1628569_2","Z:\bcbcbcbc\ca-ES\data\未分类\FC2-PPV-1628569_2.mp4","Actors|Series|Director","","","Conflict","CodeConflict",0,0,"","数据库番号 FC2-PPV-1628569_2 与文件重识别 FC2-PPV-1628569 不一致。"
2602,"FC2-PPV-1897157","Z:\bcbcbcbc\ca-ES\data\未分类\FC2-PPV-1897157.mp4","Actors|Genres|Series|Director","","JavBus|MetaTube|MDC-NG","Pending","",0,0,"","只请求当前缺失字段；执行前会再次校验。"
2603,"FC2-PPV-1935684","Z:\bcbcbcbc\ca-ES\data\未分类\FC2-PPV-1935684.mp4","Actors|Genres|Series|Director","","JavBus|MetaTube|MDC-NG","Pending","",0,0,"","只请求当前缺失字段；执行前会再次校验。"
2604,"FC2-PPV-1939976_1","Z:\bcbcbcbc\ca-ES\data\未分类\FC2-PPV-1939976_1.mp4","Actors|Poster|Fanart|Series|Director","","","Conflict","CodeConflict",0,0,"","数据库番号 FC2-PPV-1939976_1 与文件重识别 FC2-PPV-1939976 不一致。"
2605,"FC2-PPV-1939976_2","Z:\bcbcbcbc\ca-ES\data\未分类\FC2-PPV-1939976_2.mp4","Actors|Poster|Fanart|Series|Director","","","Conflict","CodeConflict",0,0,"","数据库番号 FC2-PPV-1939976_2 与文件重识别 FC2-PPV-1939976 不一致。"
2606,"FC2-PPV-1939976_3","Z:\bcbcbcbc\ca-ES\data\未分类\FC2-PPV-1939976_3.mp4","Actors|Poster|Fanart|Series|Director","","","Conflict","CodeConflict",0,0,"","数据库番号 FC2-PPV-1939976_3 与文件重识别 FC2-PPV-1939976 不一致。"
2607,"FC2-PPV-2050468_1","Z:\bcbcbcbc\ca-ES\data\未分类\FC2-PPV-2050468_1.mp4","Actors|Series|Director","","","Conflict","CodeConflict",0,0,"","数据库番号 FC2-PPV-2050468_1 与文件重识别 FC2-PPV-2050468 不一致。"
2608,"FC2-PPV-2050468_2","Z:\bcbcbcbc\ca-ES\data\未分类\FC2-PPV-2050468_2.mp4","Actors|Series|Director","","","Conflict","CodeConflict",0,0,"","数据库番号 FC2-PPV-2050468_2 与文件重识别 FC2-PPV-2050468 不一致。"
2609,"FC2-PPV-2227960","Z:\bcbcbcbc\ca-ES\data\未分类\FC2-PPV-2227960.mp4","Actors|Series|Director","","JavBus|MetaTube|MDC-NG","Pending","",0,0,"","只请求当前缺失字段；执行前会再次校验。"
2610,"FC2-PPV-2319995","Z:\bcbcbcbc\ca-ES\data\未分类\FC2-PPV-2319995.mp4","Actors|Series|Director","","JavBus|MetaTube|MDC-NG","Pending","",0,0,"","只请求当前缺失字段；执行前会再次校验。"
2611,"FC2-PPV-2319995_2","Z:\bcbcbcbc\ca-ES\data\未分类\FC2-PPV-2319995_2.mp4","Actors|Series|Director","","","Conflict","CodeConflict",0,0,"","数据库番号 FC2-PPV-2319995_2 与文件重识别 FC2-PPV-2319995 不一致。"
2612,"FC2-PPV-2486345_1","Z:\bcbcbcbc\ca-ES\data\未分类\FC2-PPV-2486345_1.mp4","Actors|Genres|Poster|Fanart|NFO|Description|Series|Director|Studio|ReleaseDate","","","Conflict","CodeConflict",0,0,"","数据库番号 FC2-PPV-2486345_1 与文件重识别 FC2-PPV-2486345 不一致。"
2613,"FC2-PPV-2486345_3","Z:\bcbcbcbc\ca-ES\data\未分类\FC2-PPV-2486345_3.mp4","Actors|Genres|Poster|Fanart|NFO|Description|Series|Director|Studio|ReleaseDate","","","Conflict","CodeConflict",0,0,"","数据库番号 FC2-PPV-2486345_3 与文件重识别 FC2-PPV-2486345 不一致。"
2614,"FC2-PPV-2587718","Z:\bcbcbcbc\ca-ES\data\未分类\FC2-PPV-2587718.mp4","Actors|Series|Director","","JavBus|MetaTube|MDC-NG","Pending","",0,0,"","只请求当前缺失字段；执行前会再次校验。"
2615,"FC2-PPV-2668535","Z:\bcbcbcbc\ca-ES\data\未分类\FC2-PPV-2668535.mp4","Actors|Series|Director","","JavBus|MetaTube|MDC-NG","Pending","",0,0,"","只请求当前缺失字段；执行前会再次校验。"
2616,"FC2-PPV-2753411","Z:\bcbcbcbc\ca-ES\data\未分类\FC2-PPV-2753411.mp4","Actors|Poster|Fanart|Series|Director","","JavBus|MetaTube|MDC-NG","Pending","",0,0,"","只请求当前缺失字段；执行前会再次校验。"
2617,"FC2-PPV-2856348","Z:\bcbcbcbc\ca-ES\data\未分类\FC2-PPV-2856348.mp4","Actors|Series|Director","","JavBus|MetaTube|MDC-NG","Pending","",0,0,"","只请求当前缺失字段；执行前会再次校验。"
2618,"FC2-PPV-2858723","Z:\bcbcbcbc\ca-ES\data\未分类\FC2-PPV-2858723.mp4","Actors|Genres|Poster|Fanart|Series|Director","","JavBus|MetaTube|MDC-NG","Pending","",0,0,"","只请求当前缺失字段；执行前会再次校验。"
2619,"FC2-PPV-2859176","Z:\bcbcbcbc\ca-ES\data\未分类\FC2-PPV-2859176.mp4","Actors|Poster|Fanart|Series|Director","","JavBus|MetaTube|MDC-NG","Pending","",0,0,"","只请求当前缺失字段；执行前会再次校验。"
2620,"FC2-PPV-2892729","Z:\bcbcbcbc\ca-ES\data\未分类\FC2-PPV-2892729.mp4","Actors|Genres|Series|Director","","JavBus|MetaTube|MDC-NG","Pending","",0,0,"","只请求当前缺失字段；执行前会再次校验。"
2621,"FC2-PPV-2899719","Z:\bcbcbcbc\ca-ES\data\未分类\FC2-PPV-2899719.mp4","Actors|Poster|Fanart|Series|Director","","JavBus|MetaTube|MDC-NG","Pending","",0,0,"","只请求当前缺失字段；执行前会再次校验。"
2622,"FC2-PPV-2924223","Z:\bcbcbcbc\ca-ES\data\未分类\FC2-PPV-2924223.mp4","Actors|Series|Director","","JavBus|MetaTube|MDC-NG","Pending","",0,0,"","只请求当前缺失字段；执行前会再次校验。"
2623,"FC2-PPV-2955361","Z:\bcbcbcbc\ca-ES\data\未分类\FC2-PPV-2955361.mp4","Actors|Series|Director","","JavBus|MetaTube|MDC-NG","Pending","",0,0,"","只请求当前缺失字段；执行前会再次校验。"
2624,"FC2-PPV-2968173","Z:\bcbcbcbc\ca-ES\data\未分类\FC2-PPV-2968173.mp4","Actors|Series|Director","","JavBus|MetaTube|MDC-NG","Pending","",0,0,"","只请求当前缺失字段；执行前会再次校验。"
2625,"FC2-PPV-2969832","Z:\bcbcbcbc\ca-ES\data\未分类\FC2-PPV-2969832.mp4","Actors|Genres|Series|Director","","JavBus|MetaTube|MDC-NG","Pending","",0,0,"","只请求当前缺失字段；执行前会再次校验。"
2626,"FC2-PPV-3056715","Z:\bcbcbcbc\ca-ES\data\未分类\FC2-PPV-3056715.mp4","Actors|Series|Director","","JavBus|MetaTube|MDC-NG","Pending","",0,0,"","只请求当前缺失字段；执行前会再次校验。"
2627,"FC2-PPV-3057930","Z:\bcbcbcbc\ca-ES\data\未分类\FC2-PPV-3057930.mp4","Actors|Genres|Series|Director","","JavBus|MetaTube|MDC-NG","Pending","",0,0,"","只请求当前缺失字段；执行前会再次校验。"
2628,"FC2-PPV-3135598","Z:\bcbcbcbc\ca-ES\data\未分类\FC2-PPV-3135598.mp4","Actors|Series|Director","","JavBus|MetaTube|MDC-NG","Pending","",0,0,"","只请求当前缺失字段；执行前会再次校验。"
2629,"FC2-PPV-3150546","Z:\bcbcbcbc\ca-ES\data\未分类\FC2-PPV-3150546.mp4","Actors|Series|Director","","JavBus|MetaTube|MDC-NG","Pending","",0,0,"","只请求当前缺失字段；执行前会再次校验。"
2630,"FC2-PPV-3157428","Z:\bcbcbcbc\ca-ES\data\未分类\FC2-PPV-3157428.mp4","Actors|Series|Director","","JavBus|MetaTube|MDC-NG","Pending","",0,0,"","只请求当前缺失字段；执行前会再次校验。"
2631,"FC2-PPV-3161766","Z:\bcbcbcbc\ca-ES\data\未分类\FC2-PPV-3161766.mp4","Actors|Poster|Fanart|Series|Director","","JavBus|MetaTube|MDC-NG","Pending","",0,0,"","只请求当前缺失字段；执行前会再次校验。"
2632,"FC2-PPV-3165903","Z:\bcbcbcbc\ca-ES\data\未分类\FC2-PPV-3165903.mp4","Actors|Poster|Fanart|Series|Director","","JavBus|MetaTube|MDC-NG","Pending","",0,0,"","只请求当前缺失字段；执行前会再次校验。"
2633,"FC2-PPV-3167395","Z:\bcbcbcbc\ca-ES\data\未分类\FC2-PPV-3167395.mp4","Actors|Series|Director","","JavBus|MetaTube|MDC-NG","Pending","",0,0,"","只请求当前缺失字段；执行前会再次校验。"
2634,"FC2-PPV-3180681_1","Z:\bcbcbcbc\ca-ES\data\未分类\FC2-PPV-3180681_1.mp4","Actors|Poster|Fanart|Series|Director","","","Conflict","CodeConflict",0,0,"","数据库番号 FC2-PPV-3180681_1 与文件重识别 FC2-PPV-3180681 不一致。"
2635,"FC2-PPV-3180681_2","Z:\bcbcbcbc\ca-ES\data\未分类\FC2-PPV-3180681_2.mp4","Actors|Poster|Fanart|Series|Director","","","Conflict","CodeConflict",0,0,"","数据库番号 FC2-PPV-3180681_2 与文件重识别 FC2-PPV-3180681 不一致。"
2636,"FC2-PPV-3206621","Z:\bcbcbcbc\ca-ES\data\未分类\FC2-PPV-3206621.mp4","Actors|Series|Director","","JavBus|MetaTube|MDC-NG","Pending","",0,0,"","只请求当前缺失字段；执行前会再次校验。"
2637,"FC2-PPV-3215810","Z:\bcbcbcbc\ca-ES\data\未分类\FC2-PPV-3215810.mp4","Actors|Genres|Poster|Fanart|NFO|Description|Series|Director|Studio|ReleaseDate","","JavBus|MetaTube|MDC-NG","Pending","",0,0,"","只请求当前缺失字段；执行前会再次校验。"
2638,"FC2-PPV-3215925","Z:\bcbcbcbc\ca-ES\data\未分类\FC2-PPV-3215925.mp4","Actors|Series|Director","","JavBus|MetaTube|MDC-NG","Pending","",0,0,"","只请求当前缺失字段；执行前会再次校验。"
2639,"FC2-PPV-3229025","Z:\bcbcbcbc\ca-ES\data\未分类\FC2-PPV-3229025.mp4","Actors|Poster|Fanart|Series|Director","","JavBus|MetaTube|MDC-NG","Pending","",0,0,"","只请求当前缺失字段；执行前会再次校验。"
2640,"FC2-PPV-3258004","Z:\bcbcbcbc\ca-ES\data\未分类\FC2-PPV-3258004.mp4","Actors|Genres|Poster|Fanart|Series|Director","","JavBus|MetaTube|MDC-NG","Pending","",0,0,"","只请求当前缺失字段；执行前会再次校验。"
2641,"FC2-PPV-3259498","Z:\bcbcbcbc\ca-ES\data\未分类\FC2-PPV-3259498.mp4","Actors|Series|Director","","JavBus|MetaTube|MDC-NG","Pending","",0,0,"","只请求当前缺失字段；执行前会再次校验。"
2642,"FC2-PPV-3259498_1","Z:\bcbcbcbc\ca-ES\data\未分类\FC2-PPV-3259498_1.mp4","Actors|Series|Director","","","Conflict","CodeConflict",0,0,"","数据库番号 FC2-PPV-3259498_1 与文件重识别 FC2-PPV-3259498 不一致。"
2643,"FC2-PPV-3259498_3","Z:\bcbcbcbc\ca-ES\data\未分类\FC2-PPV-3259498_3.mp4","Actors|Series|Director","","","Conflict","CodeConflict",0,0,"","数据库番号 FC2-PPV-3259498_3 与文件重识别 FC2-PPV-3259498 不一致。"
2644,"FC2-PPV-3260300","Z:\bcbcbcbc\ca-ES\data\未分类\FC2-PPV-3260300.mp4","Actors|Series|Director","","JavBus|MetaTube|MDC-NG","Pending","",0,0,"","只请求当前缺失字段；执行前会再次校验。"
2645,"FC2-PPV-3261090_1","Z:\bcbcbcbc\ca-ES\data\未分类\FC2-PPV-3261090_1.mp4","Actors|Series|Director","","","Conflict","CodeConflict",0,0,"","数据库番号 FC2-PPV-3261090_1 与文件重识别 FC2-PPV-3261090 不一致。"
2646,"FC2-PPV-3261090_2","Z:\bcbcbcbc\ca-ES\data\未分类\FC2-PPV-3261090_2.mp4","Actors|Series|Director","","","Conflict","CodeConflict",0,0,"","数据库番号 FC2-PPV-3261090_2 与文件重识别 FC2-PPV-3261090 不一致。"
2647,"FC2-PPV-3262916","Z:\bcbcbcbc\ca-ES\data\未分类\FC2-PPV-3262916.mp4","Actors|Series|Director","","JavBus|MetaTube|MDC-NG","Pending","",0,0,"","只请求当前缺失字段；执行前会再次校验。"
2648,"FC2-PPV-3272089","Z:\bcbcbcbc\ca-ES\data\未分类\FC2-PPV-3272089.mp4","Actors|Series|Director","","JavBus|MetaTube|MDC-NG","Pending","",0,0,"","只请求当前缺失字段；执行前会再次校验。"
2649,"FC2-PPV-3283758","Z:\bcbcbcbc\ca-ES\data\未分类\FC2-PPV-3283758.mp4","Actors|Genres|Poster|Fanart|Series|Director","","JavBus|MetaTube|MDC-NG","Pending","",0,0,"","只请求当前缺失字段；执行前会再次校验。"
2650,"FC2-PPV-3289780_1","Z:\bcbcbcbc\ca-ES\data\未分类\FC2-PPV-3289780_1.mp4","Actors|Series|Director","","","Conflict","CodeConflict",0,0,"","数据库番号 FC2-PPV-3289780_1 与文件重识别 FC2-PPV-3289780 不一致。"
2651,"FC2-PPV-3289780_2","Z:\bcbcbcbc\ca-ES\data\未分类\FC2-PPV-3289780_2.mp4","Actors|Series|Director","","","Conflict","CodeConflict",0,0,"","数据库番号 FC2-PPV-3289780_2 与文件重识别 FC2-PPV-3289780 不一致。"
2652,"FC2-PPV-3319565","Z:\bcbcbcbc\ca-ES\data\未分类\FC2-PPV-3319565.mp4","Actors|Series|Director","","JavBus|MetaTube|MDC-NG","Pending","",0,0,"","只请求当前缺失字段；执行前会再次校验。"
2653,"FC2-PPV-3369283","Z:\bcbcbcbc\ca-ES\data\未分类\FC2-PPV-3369283.mp4","Actors|Series|Director","","JavBus|MetaTube|MDC-NG","Pending","",0,0,"","只请求当前缺失字段；执行前会再次校验。"
2654,"FC2-PPV-3389408","Z:\bcbcbcbc\ca-ES\data\未分类\FC2-PPV-3389408.mp4","Actors|Series|Director","","JavBus|MetaTube|MDC-NG","Pending","",0,0,"","只请求当前缺失字段；执行前会再次校验。"
2655,"FC2-PPV-3393451","Z:\bcbcbcbc\ca-ES\data\未分类\FC2-PPV-3393451.mp4","Actors|Genres|Poster|Fanart|Series|Director","","JavBus|MetaTube|MDC-NG","Pending","",0,0,"","只请求当前缺失字段；执行前会再次校验。"
2656,"FC2-PPV-3418274","Z:\bcbcbcbc\ca-ES\data\未分类\FC2-PPV-3418274.mp4","Actors|Series|Director","","JavBus|MetaTube|MDC-NG","Pending","",0,0,"","只请求当前缺失字段；执行前会再次校验。"
2657,"FC2-PPV-3513210","Z:\bcbcbcbc\ca-ES\data\未分类\FC2-PPV-3513210.mp4","Actors|Genres|Poster|Fanart|NFO|Description|Series|Director|Studio|ReleaseDate","","JavBus|MetaTube|MDC-NG","Pending","",0,0,"","只请求当前缺失字段；执行前会再次校验。"
2658,"FC2-PPV-3537141","Z:\bcbcbcbc\ca-ES\data\未分类\FC2-PPV-3537141.mp4","Actors|Series|Director","","JavBus|MetaTube|MDC-NG","Pending","",0,0,"","只请求当前缺失字段；执行前会再次校验。"
2659,"FC2-PPV-3691748","Z:\bcbcbcbc\ca-ES\data\未分类\FC2-PPV-3691748.mp4","Actors|Poster|Fanart|Series|Director","","JavBus|MetaTube|MDC-NG","Pending","",0,0,"","只请求当前缺失字段；执行前会再次校验。"
2660,"FC2-PPV-3834913","Z:\bcbcbcbc\ca-ES\data\未分类\FC2-PPV-3834913.mp4","Actors|Poster|Fanart|Series|Director","","JavBus|MetaTube|MDC-NG","Pending","",0,0,"","只请求当前缺失字段；执行前会再次校验。"
2661,"FC2-PPV-3857226","Z:\bcbcbcbc\ca-ES\data\未分类\FC2-PPV-3857226.mp4","Actors|Poster|Fanart|Series|Director","","JavBus|MetaTube|MDC-NG","Pending","",0,0,"","只请求当前缺失字段；执行前会再次校验。"
2662,"FC2-PPV-3972042","Z:\bcbcbcbc\ca-ES\data\未分类\FC2-PPV-3972042.mp4","Actors|Series|Director","","JavBus|MetaTube|MDC-NG","Pending","",0,0,"","只请求当前缺失字段；执行前会再次校验。"
2663,"FC2-PPV-3987318","Z:\bcbcbcbc\ca-ES\data\未分类\FC2-PPV-3987318.mp4","Actors|Series|Director","","JavBus|MetaTube|MDC-NG","Pending","",0,0,"","只请求当前缺失字段；执行前会再次校验。"
2664,"FC2-PPV-4029021","Z:\bcbcbcbc\ca-ES\data\未分类\FC2-PPV-4029021.mp4","Actors|Series|Director","","JavBus|MetaTube|MDC-NG","Pending","",0,0,"","只请求当前缺失字段；执行前会再次校验。"
2665,"FC2-PPV-4054910","Z:\bcbcbcbc\ca-ES\data\未分类\FC2-PPV-4054910.mp4","Actors|Series|Director","","JavBus|MetaTube|MDC-NG","Pending","",0,0,"","只请求当前缺失字段；执行前会再次校验。"
2666,"FC2-PPV-4057921","Z:\bcbcbcbc\ca-ES\data\未分类\FC2-PPV-4057921.mp4","Actors|Series|Director","","JavBus|MetaTube|MDC-NG","Pending","",0,0,"","只请求当前缺失字段；执行前会再次校验。"
2667,"FC2-PPV-4065572","Z:\bcbcbcbc\ca-ES\data\未分类\FC2-PPV-4065572.mp4","Actors|Poster|Fanart|Series|Director","","JavBus|MetaTube|MDC-NG","Pending","",0,0,"","只请求当前缺失字段；执行前会再次校验。"
2668,"FC2-PPV-4100529_1","Z:\bcbcbcbc\ca-ES\data\未分类\FC2-PPV-4100529_1.mp4","Actors|Genres|Poster|Fanart|Series|Director","","","Conflict","CodeConflict",0,0,"","数据库番号 FC2-PPV-4100529_1 与文件重识别 FC2-PPV-4100529 不一致。"
2669,"FC2-PPV-4100529_2","Z:\bcbcbcbc\ca-ES\data\未分类\FC2-PPV-4100529_2.mp4","Actors|Genres|Poster|Fanart|Series|Director","","","Conflict","CodeConflict",0,0,"","数据库番号 FC2-PPV-4100529_2 与文件重识别 FC2-PPV-4100529 不一致。"
2670,"FC2-PPV-4147114","Z:\bcbcbcbc\ca-ES\data\未分类\FC2-PPV-4147114.mp4","Actors|Series|Director","","JavBus|MetaTube|MDC-NG","Pending","",0,0,"","只请求当前缺失字段；执行前会再次校验。"
2671,"FC2PPV-1272002","Z:\bcbcbcbc\ca-ES\data\未分类\FC2PPV-1272002.mp4","Actors|Genres|Poster|Fanart|NFO|Description|Series|Director|Studio|ReleaseDate","","","Conflict","CodeConflict",0,0,"","数据库番号 FC2PPV-1272002 与文件重识别 FC2-PPV-1272002 不一致。"
2672,"FC2PPV-1391490","Z:\bcbcbcbc\ca-ES\data\未分类\FC2PPV-1391490.mp4","Actors|Genres|Series|Director","","","Conflict","CodeConflict",0,0,"","数据库番号 FC2PPV-1391490 与文件重识别 FC2-PPV-1391490 不一致。"
2673,"FC2PPV-2282643-1","Z:\bcbcbcbc\ca-ES\data\未分类\FC2PPV-2282643-1.mp4","Actors|Poster|Fanart|Series|Director","","","Conflict","CodeConflict",0,0,"","数据库番号 FC2PPV-2282643-1 与文件重识别 FC2-PPV-2282643 不一致。"
2674,"FC2PPV-2282643-3","Z:\bcbcbcbc\ca-ES\data\未分类\FC2PPV-2282643-3.mp4","Actors|Poster|Fanart|Series|Director","","","Conflict","CodeConflict",0,0,"","数据库番号 FC2PPV-2282643-3 与文件重识别 FC2-PPV-2282643 不一致。"
2675,"FC2PPV-2864440","Z:\bcbcbcbc\ca-ES\data\未分类\FC2PPV-2864440.mp4","Actors|Genres|Poster|Fanart|NFO|Description|Series|Director|Studio|ReleaseDate","","","Conflict","CodeConflict",0,0,"","数据库番号 FC2PPV-2864440 与文件重识别 FC2-PPV-2864440 不一致。"
2676,"FC2PPV-3061625-3","Z:\bcbcbcbc\ca-ES\data\未分类\FC2PPV-3061625-3.mp4","Actors|Series|Director","","","Conflict","CodeConflict",0,0,"","数据库番号 FC2PPV-3061625-3 与文件重识别 FC2-PPV-3061625 不一致。"
2677,"FC2PPV-3079302","Z:\bcbcbcbc\ca-ES\data\未分类\FC2PPV-3079302.mp4","Actors|Poster|Fanart|Series|Director","","","Conflict","CodeConflict",0,0,"","数据库番号 FC2PPV-3079302 与文件重识别 FC2-PPV-3079302 不一致。"
2678,"FC2PPV-3111741-1","Z:\bcbcbcbc\ca-ES\data\未分类\FC2PPV-3111741-1.mp4","Actors|Poster|Fanart|Series|Director","","","Conflict","CodeConflict",0,0,"","数据库番号 FC2PPV-3111741-1 与文件重识别 FC2-PPV-3111741 不一致。"
2679,"FC2PPV-3111741-2","Z:\bcbcbcbc\ca-ES\data\未分类\FC2PPV-3111741-2.mp4","Actors|Poster|Fanart|Series|Director","","","Conflict","CodeConflict",0,0,"","数据库番号 FC2PPV-3111741-2 与文件重识别 FC2-PPV-3111741 不一致。"
2680,"FC2PPV-3195476-1","Z:\bcbcbcbc\ca-ES\data\未分类\FC2PPV-3195476-1.mp4","Actors|Series|Director","","","Conflict","CodeConflict",0,0,"","数据库番号 FC2PPV-3195476-1 与文件重识别 FC2-PPV-3195476 不一致。"
2681,"FC2PPV-3195476-2","Z:\bcbcbcbc\ca-ES\data\未分类\FC2PPV-3195476-2.mp4","Actors|Series|Director","","","Conflict","CodeConflict",0,0,"","数据库番号 FC2PPV-3195476-2 与文件重识别 FC2-PPV-3195476 不一致。"
2682,"FC2PPV-3204686","Z:\bcbcbcbc\ca-ES\data\未分类\FC2PPV-3204686.mp4","Actors|Poster|Fanart|Series|Director","","","Conflict","CodeConflict",0,0,"","数据库番号 FC2PPV-3204686 与文件重识别 FC2-PPV-3204686 不一致。"
2683,"FC2PPV-3264420","Z:\bcbcbcbc\ca-ES\data\未分类\FC2PPV-3264420.mp4","Actors|Poster|Fanart|Series|Director","","","Conflict","CodeConflict",0,0,"","数据库番号 FC2PPV-3264420 与文件重识别 FC2-PPV-3264420 不一致。"
2684,"FC2PPV-3611004-1","Z:\bcbcbcbc\ca-ES\data\未分类\FC2PPV-3611004-1.mp4","Actors|Series|Director","","","Conflict","CodeConflict",0,0,"","数据库番号 FC2PPV-3611004-1 与文件重识别 FC2-PPV-3611004 不一致。"
2685,"FC2PPV-3611004-2","Z:\bcbcbcbc\ca-ES\data\未分类\FC2PPV-3611004-2.mp4","Actors|Series|Director","","","Conflict","CodeConflict",0,0,"","数据库番号 FC2PPV-3611004-2 与文件重识别 FC2-PPV-3611004 不一致。"
2695,"FZ-65","Z:\bcbcbcbc\ca-ES\data\未分类\FZ65.mkv","Genres|Description|Director","","JavBus|MetaTube|MDC-NG","Pending","",0,0,"","只请求当前缺失字段；执行前会再次校验。"
2696,"HJMO-615","Z:\bcbcbcbc\ca-ES\data\未分类\HJMO-615.mp4","Actors","","JavBus|MetaTube|MDC-NG","Pending","",0,0,"","只请求当前缺失字段；执行前会再次校验。"
2699,"HUNTA-972","Z:\bcbcbcbc\ca-ES\data\未分类\HUNTA-972.mp4","Actors","","JavBus|MetaTube|MDC-NG","Pending","",0,0,"","只请求当前缺失字段；执行前会再次校验。"
2701,"IDBD-763A","Z:\bcbcbcbc\ca-ES\data\未分类\IDBD-763A.mp4","Poster|Fanart|Series|Director","","","Conflict","CodeConflict",0,0,"","数据库番号 IDBD-763A 与文件重识别 IDBD-763 不一致。"
2719,"KAMEF-013","Z:\bcbcbcbc\ca-ES\data\未分类\KAMEF-013.mp4","Actors|Director","","JavBus|MetaTube|MDC-NG","Pending","",0,0,"","只请求当前缺失字段；执行前会再次校验。"
2720,"KAMEF-034","Z:\bcbcbcbc\ca-ES\data\未分类\KAMEF-034.mp4","Actors|Description|Director","","JavBus|MetaTube|MDC-NG","Pending","",0,0,"","只请求当前缺失字段；执行前会再次校验。"
2723,"KUF13045F","Z:\bcbcbcbc\ca-ES\data\未分类\KUF13045F.mp4","Actors|Genres|Poster|Fanart|NFO|Description|Series|Director|Studio|ReleaseDate","","","Skipped","CodeInvalid",0,0,"","番号识别置信度低于自动联网阈值。"
2726,"MD-0221","Z:\bcbcbcbc\ca-ES\data\未分类\MD-0221.mp4","Actors|Genres|Poster|Fanart|NFO|Description|Series|Director|Studio|ReleaseDate","","JavBus|MetaTube|MDC-NG","Pending","",0,0,"","只请求当前缺失字段；执行前会再次校验。"
2737,"NPJB-081","Z:\bcbcbcbc\ca-ES\data\未分类\NPJB-081.mp4","Actors|Director","","JavBus|MetaTube|MDC-NG","Pending","",0,0,"","只请求当前缺失字段；执行前会再次校验。"
2738,"NPJB-081","Z:\bcbcbcbc\ca-ES\data\未分类\NPJB081.mp4","Actors|Director","","JavBus|MetaTube|MDC-NG","Pending","",0,0,"","只请求当前缺失字段；执行前会再次校验。"
2744,"POW-038","Z:\bcbcbcbc\ca-ES\data\未分类\POW-038.mp4","Actors|Series|Director","","JavBus|MetaTube|MDC-NG","Pending","",0,0,"","只请求当前缺失字段；执行前会再次校验。"
2749,"SABA-813","Z:\bcbcbcbc\ca-ES\data\未分类\SABA-813.mp4","Actors","","JavBus|MetaTube|MDC-NG","Pending","",0,0,"","只请求当前缺失字段；执行前会再次校验。"
2751,"SDMT506F","Z:\bcbcbcbc\ca-ES\data\未分类\SDMT506F.mp4","Actors|Genres|Poster|Fanart|NFO|Description|Series|Director|Studio|ReleaseDate","","","Skipped","CodeInvalid",0,0,"","番号识别置信度低于自动联网阈值。"
2759,"SKMJ-360","Z:\bcbcbcbc\ca-ES\data\未分类\SKMJ-360.mp4","Actors","","JavBus|MetaTube|MDC-NG","Pending","",0,0,"","只请求当前缺失字段；执行前会再次校验。"
2772,"SY-134","Z:\bcbcbcbc\ca-ES\data\未分类\SY-134.mp4","Actors|Director","","JavBus|MetaTube|MDC-NG","Pending","",0,0,"","只请求当前缺失字段；执行前会再次校验。"
2777,"ABF-094","Z:\bcbcbcbc\ca-ES\data\未分类\abf-094.mp4","NFO","","MetaTube|MDC-NG|JavBus","Pending","",0,0,"","只请求当前缺失字段；执行前会再次校验。"
2778,"ABP-744","Z:\bcbcbcbc\ca-ES\data\未分类\abp744-5.mp4","Series","","MetaTube|MDC-NG|JavBus","Pending","",0,0,"","只请求当前缺失字段；执行前会再次校验。"
2779,"ABW-230","Z:\bcbcbcbc\ca-ES\data\未分类\abw-230.mp4","Fanart|NFO","","MetaTube|MDC-NG|JavBus","Pending","",0,0,"","只请求当前缺失字段；执行前会再次校验。"
2780,"ABW-239","Z:\bcbcbcbc\ca-ES\data\未分类\abw-239.mp4","Poster|Fanart|NFO","","MetaTube|JavBus|MDC-NG","Pending","",0,0,"","只请求当前缺失字段；执行前会再次校验。"
2781,"AKA-024","Z:\bcbcbcbc\ca-ES\data\未分类\aka-024.mp4","NFO","","MetaTube|MDC-NG|JavBus","Pending","",0,0,"","只请求当前缺失字段；执行前会再次校验。"
2782,"FC1206782_SP (1)","Z:\bcbcbcbc\ca-ES\data\未分类\fc1206782_sp (1).mp4","Actors|Genres|Poster|Fanart|NFO|Description|Series|Director|Studio|ReleaseDate","","","Conflict","CodeConflict",0,0,"","数据库番号 FC1206782_SP (1) 与文件重识别 FC-1206782 不一致。"
2783,"FC2-PPV-3232483_1","Z:\bcbcbcbc\ca-ES\data\未分类\fc2-ppv-3232483_1.mp4","Actors|Series|Director","","","Conflict","CodeConflict",0,0,"","数据库番号 FC2-PPV-3232483_1 与文件重识别 FC2-PPV-3232483 不一致。"
2784,"FC2-PPV-3232483_2","Z:\bcbcbcbc\ca-ES\data\未分类\fc2-ppv-3232483_2.mp4","Actors|Series|Director","","","Conflict","CodeConflict",0,0,"","数据库番号 FC2-PPV-3232483_2 与文件重识别 FC2-PPV-3232483 不一致。"
2785,"FC2-PPV-3232483_3","Z:\bcbcbcbc\ca-ES\data\未分类\fc2-ppv-3232483_3.mp4","Actors|Series|Director","","","Conflict","CodeConflict",0,0,"","数据库番号 FC2-PPV-3232483_3 与文件重识别 FC2-PPV-3232483 不一致。"
2786,"FC2PPV-2314275","Z:\bcbcbcbc\ca-ES\data\未分类\fc2ppv-2314275.mp4","Actors|Series|Director","","","Conflict","CodeConflict",0,0,"","数据库番号 FC2PPV-2314275 与文件重识别 FC2-PPV-2314275 不一致。"
2787,"FC2PPV-3246007","Z:\bcbcbcbc\ca-ES\data\未分类\fc2ppv-3246007.mp4","Actors|Genres|Series|Director","","","Conflict","CodeConflict",0,0,"","数据库番号 FC2PPV-3246007 与文件重识别 FC2-PPV-3246007 不一致。"
2788,"FC2PPV-3253595","Z:\bcbcbcbc\ca-ES\data\未分类\fc2ppv-3253595.mp4","Actors|Series|Director","","","Conflict","CodeConflict",0,0,"","数据库番号 FC2PPV-3253595 与文件重识别 FC2-PPV-3253595 不一致。"
2789,"FC2PPV-3518061","Z:\bcbcbcbc\ca-ES\data\未分类\fc2ppv-3518061.mp4","Actors|Series|Director","","","Conflict","CodeConflict",0,0,"","数据库番号 FC2PPV-3518061 与文件重识别 FC2-PPV-3518061 不一致。"
2790,"FC2PPV-3577715","Z:\bcbcbcbc\ca-ES\data\未分类\fc2ppv-3577715.mp4","Actors|Poster|Fanart|Series|Director","","","Conflict","CodeConflict",0,0,"","数据库番号 FC2PPV-3577715 与文件重识别 FC2-PPV-3577715 不一致。"
2791,"FC2PPV-3620789","Z:\bcbcbcbc\ca-ES\data\未分类\fc2ppv-3620789.mp4","Actors|Poster|Fanart|Series|Director","","","Conflict","CodeConflict",0,0,"","数据库番号 FC2PPV-3620789 与文件重识别 FC2-PPV-3620789 不一致。"
2792,"FC2PPV-3780016","Z:\bcbcbcbc\ca-ES\data\未分类\fc2ppv-3780016.mp4","Actors|Genres|Poster|Fanart|NFO|Description|Series|Director|Studio|ReleaseDate","","","Conflict","CodeConflict",0,0,"","数据库番号 FC2PPV-3780016 与文件重识别 FC2-PPV-3780016 不一致。"
2793,"FC2PPV-3845406","Z:\bcbcbcbc\ca-ES\data\未分类\fc2ppv-3845406.mp4","Actors|Series|Director","","","Conflict","CodeConflict",0,0,"","数据库番号 FC2PPV-3845406 与文件重识别 FC2-PPV-3845406 不一致。"
2794,"FSDSS-634","Z:\bcbcbcbc\ca-ES\data\未分类\fsdss-634.mp4","NFO|Series","","MetaTube|MDC-NG|JavBus","Pending","",0,0,"","只请求当前缺失字段；执行前会再次校验。"
2797,"HMDNV-379","Z:\bcbcbcbc\ca-ES\data\未分类\hmdnv-379.mp4","Actors|NFO|Series|Director","","JavBus|MetaTube|MDC-NG","Pending","",0,0,"","只请求当前缺失字段；执行前会再次校验。"
2798,"HMDNV-473","Z:\bcbcbcbc\ca-ES\data\未分类\hmdnv-473.mp4","Actors|NFO|Series|Director","","JavBus|MetaTube|MDC-NG","Pending","",0,0,"","只请求当前缺失字段；执行前会再次校验。"
2799,"HMN-170","Z:\bcbcbcbc\ca-ES\data\未分类\hmn-170.mp4","NFO","","MetaTube|MDC-NG|JavBus","Pending","",0,0,"","只请求当前缺失字段；执行前会再次校验。"
2802,"IPX-832","Z:\bcbcbcbc\ca-ES\data\未分类\ipx-832.mp4","NFO","","MetaTube|MDC-NG|JavBus","Pending","",0,0,"","只请求当前缺失字段；执行前会再次校验。"
2803,"IPX-866","Z:\bcbcbcbc\ca-ES\data\未分类\ipx-866.mp4","NFO","","MetaTube|MDC-NG|JavBus","Pending","",0,0,"","只请求当前缺失字段；执行前会再次校验。"
2804,"IPX-872","Z:\bcbcbcbc\ca-ES\data\未分类\ipx-872.mp4","NFO","","MetaTube|MDC-NG|JavBus","Pending","",0,0,"","只请求当前缺失字段；执行前会再次校验。"
2805,"IPX-877","Z:\bcbcbcbc\ca-ES\data\未分类\ipx-877.mp4","NFO|Series","","MetaTube|MDC-NG|JavBus","Pending","",0,0,"","只请求当前缺失字段；执行前会再次校验。"
2806,"IPX-901","Z:\bcbcbcbc\ca-ES\data\未分类\ipx-901.mp4","NFO","","MetaTube|MDC-NG|JavBus","Pending","",0,0,"","只请求当前缺失字段；执行前会再次校验。"
2807,"IPX-980","Z:\bcbcbcbc\ca-ES\data\未分类\ipx-980.mp4","NFO|Series|Director","","MetaTube|JavBus|MDC-NG","Pending","",0,0,"","只请求当前缺失字段；执行前会再次校验。"
2808,"IPX-990","Z:\bcbcbcbc\ca-ES\data\未分类\ipx-990.mp4","NFO|Series","","MetaTube|MDC-NG|JavBus","Pending","",0,0,"","只请求当前缺失字段；执行前会再次校验。"
2809,"JUFD-994","Z:\bcbcbcbc\ca-ES\data\未分类\jufd-994.mp4","NFO|Description|Series|Director","","MetaTube|JavBus|MDC-NG","Pending","",0,0,"","只请求当前缺失字段；执行前会再次校验。"
2810,"JUQ-369","Z:\bcbcbcbc\ca-ES\data\未分类\juq-369.mp4","NFO","","MetaTube|MDC-NG|JavBus","Pending","",0,0,"","只请求当前缺失字段；执行前会再次校验。"
2811,"JUY-00988","Z:\bcbcbcbc\ca-ES\data\未分类\juy00988.mp4","Actors|Genres|Poster|Fanart|NFO|Description|Series|Director|Studio|ReleaseDate","","JavBus|MetaTube|MDC-NG","Pending","",0,0,"","只请求当前缺失字段；执行前会再次校验。"
2812,"KNSM-007","Z:\bcbcbcbc\ca-ES\data\未分类\knsm-007.mp4","NFO|Series|Director","","MetaTube|JavBus|MDC-NG","Pending","",0,0,"","只请求当前缺失字段；执行前会再次校验。"
2813,"KRE-002","Z:\bcbcbcbc\ca-ES\data\未分类\kre-002.wmv","NFO|Director","","MetaTube|JavBus|MDC-NG","Pending","",0,0,"","只请求当前缺失字段；执行前会再次校验。"
2816,"MDC-002","Z:\bcbcbcbc\ca-ES\data\未分类\mdc-002.wmv","NFO|Director","","MetaTube|JavBus|MDC-NG","Pending","",0,0,"","只请求当前缺失字段；执行前会再次校验。"
2817,"MEYD-754","Z:\bcbcbcbc\ca-ES\data\未分类\meyd-754.mp4","NFO","","MetaTube|MDC-NG|JavBus","Pending","",0,0,"","只请求当前缺失字段；执行前会再次校验。"
2819,"MIDV-149","Z:\bcbcbcbc\ca-ES\data\未分类\midv-149.mp4","NFO|Series","","MetaTube|MDC-NG|JavBus","Pending","",0,0,"","只请求当前缺失字段；执行前会再次校验。"
2820,"MXGS-1034","Z:\bcbcbcbc\ca-ES\data\未分类\mxgs-1034.mp4","NFO|Description|Series|Director","","MetaTube|JavBus|MDC-NG","Pending","",0,0,"","只请求当前缺失字段；执行前会再次校验。"
2821,"N0442","Z:\bcbcbcbc\ca-ES\data\未分类\n0442.wmv","Fanart|NFO|Description|Director","","","Skipped","CodeInvalid",0,0,"","番号识别置信度低于自动联网阈值。"
2822,"NGOD-171","Z:\bcbcbcbc\ca-ES\data\未分类\ngod-171.mp4","NFO|Director","","MetaTube|JavBus|MDC-NG","Pending","",0,0,"","只请求当前缺失字段；执行前会再次校验。"
2823,"NHDTB-726B","Z:\bcbcbcbc\ca-ES\data\未分类\nhdtb-726b.mp4","Actors","","","Conflict","CodeConflict",0,0,"","数据库番号 NHDTB-726B 与文件重识别 NHDTB-726 不一致。"
2824,"PFES-038","Z:\bcbcbcbc\ca-ES\data\未分类\pfes-038.mp4","NFO|Series|Director","","MetaTube|JavBus|MDC-NG","Pending","",0,0,"","只请求当前缺失字段；执行前会再次校验。"
2825,"PIH-002","Z:\bcbcbcbc\ca-ES\data\未分类\pih-002.mp4","Actors|NFO","","JavBus|MetaTube|MDC-NG","Pending","",0,0,"","只请求当前缺失字段；执行前会再次校验。"
2826,"PRED-508","Z:\bcbcbcbc\ca-ES\data\未分类\pred-508.mp4","NFO","","MetaTube|MDC-NG|JavBus","Pending","",0,0,"","只请求当前缺失字段；执行前会再次校验。"
2827,"REBD-648","Z:\bcbcbcbc\ca-ES\data\未分类\rebd-648.mp4","NFO","","MetaTube|MDC-NG|JavBus","Pending","",0,0,"","只请求当前缺失字段；执行前会再次校验。"
2828,"SSIS-430","Z:\bcbcbcbc\ca-ES\data\未分类\ssis-430.mp4","NFO|Series","","MetaTube|MDC-NG|JavBus","Pending","",0,0,"","只请求当前缺失字段；执行前会再次校验。"
2829,"SSNI-624","Z:\bcbcbcbc\ca-ES\data\未分类\ssni-624.mp4","NFO|Series","","MetaTube|MDC-NG|JavBus","Pending","",0,0,"","只请求当前缺失字段；执行前会再次校验。"
2834,"FC2-PPV-1837748","Z:\bcbcbcbc\ca-ES\data\未分类2\FC2-PPV-1837748.mp4","Actors|Series|Director","","JavBus|MetaTube|MDC-NG","Pending","",0,0,"","只请求当前缺失字段；执行前会再次校验。"
2835,"FC2-PPV-1837748_2","Z:\bcbcbcbc\ca-ES\data\未分类2\FC2-PPV-1837748_2.mp4","Actors|Series|Director","","","Conflict","CodeConflict",0,0,"","数据库番号 FC2-PPV-1837748_2 与文件重识别 FC2-PPV-1837748 不一致。"
2836,"FC2-PPV-3933880_1","Z:\bcbcbcbc\ca-ES\data\未分类2\FC2-PPV-3933880_1.mp4","Actors|Series|Director","","","Conflict","CodeConflict",0,0,"","数据库番号 FC2-PPV-3933880_1 与文件重识别 FC2-PPV-3933880 不一致。"
2837,"FC2-PPV-3933880_2","Z:\bcbcbcbc\ca-ES\data\未分类2\FC2-PPV-3933880_2.mp4","Actors|Series|Director","","","Conflict","CodeConflict",0,0,"","数据库番号 FC2-PPV-3933880_2 与文件重识别 FC2-PPV-3933880 不一致。"
2838,"FC2-PPV-3933880_3","Z:\bcbcbcbc\ca-ES\data\未分类2\FC2-PPV-3933880_3.mp4","Actors|Series|Director","","","Conflict","CodeConflict",0,0,"","数据库番号 FC2-PPV-3933880_3 与文件重识别 FC2-PPV-3933880 不一致。"
2839,"FC2PPV 4719763","Z:\bcbcbcbc\ca-ES\data\未分类2\FC2PPV 4719763.mp4","Actors|Genres|Poster|Fanart|NFO|Description|Series|Director|Studio|ReleaseDate","","","Conflict","CodeConflict",0,0,"","数据库番号 FC2PPV 4719763 与文件重识别 FC2-PPV-4719763 不一致。"
2840,"FC2PPV-1348698-1","Z:\bcbcbcbc\ca-ES\data\未分类2\FC2PPV-1348698-1.mp4","Actors|Series|Director","","","Conflict","CodeConflict",0,0,"","数据库番号 FC2PPV-1348698-1 与文件重识别 FC2-PPV-1348698 不一致。"
2841,"FC2PPV-1348698-2","Z:\bcbcbcbc\ca-ES\data\未分类2\FC2PPV-1348698-2.mp4","Actors|Series|Director","","","Conflict","CodeConflict",0,0,"","数据库番号 FC2PPV-1348698-2 与文件重识别 FC2-PPV-1348698 不一致。"
2842,"FC2PPV-3059148","Z:\bcbcbcbc\ca-ES\data\未分类2\FC2PPV-3059148.mp4","Actors|Series|Director","","","Conflict","CodeConflict",0,0,"","数据库番号 FC2PPV-3059148 与文件重识别 FC2-PPV-3059148 不一致。"
2843,"FC2PPV-3147620-1","Z:\bcbcbcbc\ca-ES\data\未分类2\FC2PPV-3147620-1.mp4","Actors|Series|Director","","","Conflict","CodeConflict",0,0,"","数据库番号 FC2PPV-3147620-1 与文件重识别 FC2-PPV-3147620 不一致。"
2844,"FC2PPV-3147620-2","Z:\bcbcbcbc\ca-ES\data\未分类2\FC2PPV-3147620-2.mp4","Actors|Series|Director","","","Conflict","CodeConflict",0,0,"","数据库番号 FC2PPV-3147620-2 与文件重识别 FC2-PPV-3147620 不一致。"
2845,"FC2PPV-3147620-3","Z:\bcbcbcbc\ca-ES\data\未分类2\FC2PPV-3147620-3.mp4","Actors|Series|Director","","","Conflict","CodeConflict",0,0,"","数据库番号 FC2PPV-3147620-3 与文件重识别 FC2-PPV-3147620 不一致。"
2846,"FC2PPV-3147620-4","Z:\bcbcbcbc\ca-ES\data\未分类2\FC2PPV-3147620-4.mp4","Actors|Series|Director","","","Conflict","CodeConflict",0,0,"","数据库番号 FC2PPV-3147620-4 与文件重识别 FC2-PPV-3147620 不一致。"
2862,"1PONDO-052326_001","F:\完成2\1pondo-052326_001.mp4","Actors|Genres|Poster|Fanart|NFO|Description|Series|Director|Studio|ReleaseDate","","JavBus|MetaTube|MDC-NG","Pending","",0,0,"","只请求当前缺失字段；执行前会再次校验。"
2910,"ABF-120","F:\完成2\abf-120.mp4","NFO","","MetaTube|MDC-NG|JavBus","Pending","",0,0,"","只请求当前缺失字段；执行前会再次校验。"
2912,"ABF-131","F:\完成2\abf-131.mp4","NFO","","MetaTube|MDC-NG|JavBus","Pending","",0,0,"","只请求当前缺失字段；执行前会再次校验。"
2959,"ABW-173","F:\完成2\abw-173.mp4","Fanart","","MetaTube|MDC-NG|JavBus","Pending","",0,0,"","只请求当前缺失字段；执行前会再次校验。"
2987,"DDH-420","F:\完成2\DDH-420.mp4","Actors|Series|Director","","JavBus|MetaTube|MDC-NG","Pending","",0,0,"","只请求当前缺失字段；执行前会再次校验。"
2988,"DDHC-023","F:\完成2\DDHC-023.mp4","Actors|Director","","JavBus|MetaTube|MDC-NG","Pending","",0,0,"","只请求当前缺失字段；执行前会再次校验。"
2995,"FC2-PPV-4894535","F:\完成2\FC2-PPV-4894535.mp4","Actors|Series|Director","","JavBus|MetaTube|MDC-NG","Pending","",0,0,"","只请求当前缺失字段；执行前会再次校验。"
2996,"FC2-PPV-4919908","F:\完成2\FC2-PPV-4919908.mp4","Actors|Series|Director","","JavBus|MetaTube|MDC-NG","Pending","",0,0,"","只请求当前缺失字段；执行前会再次校验。"
3002,"FULIJI.STORE@WW (100","F:\完成2\fuliji.store@ww (100.mp4","Actors|Genres|Poster|Fanart|NFO|Description|Series|Director|Studio|ReleaseDate","","","Skipped","CodeInvalid",0,0,"","番号识别置信度低于自动联网阈值。"
3003,"FULIJI.STORE@WW (102","F:\完成2\fuliji.store@ww (102.mp4","Actors|Genres|Poster|Fanart|NFO|Description|Series|Director|Studio|ReleaseDate","","","Skipped","CodeInvalid",0,0,"","番号识别置信度低于自动联网阈值。"
3004,"FULIJI.STORE@WW (103","F:\完成2\fuliji.store@ww (103.mp4","Actors|Genres|Poster|Fanart|NFO|Description|Series|Director|Studio|ReleaseDate","","","Skipped","CodeInvalid",0,0,"","番号识别置信度低于自动联网阈值。"
3005,"FULIJI.STORE@WW (104","F:\完成2\fuliji.store@ww (104.mp4","Actors|Genres|Poster|Fanart|NFO|Description|Series|Director|Studio|ReleaseDate","","","Skipped","CodeInvalid",0,0,"","番号识别置信度低于自动联网阈值。"
3006,"FULIJI.STORE@WW (107","F:\完成2\fuliji.store@ww (107.mp4","Actors|Genres|Poster|Fanart|NFO|Description|Series|Director|Studio|ReleaseDate","","","Skipped","CodeInvalid",0,0,"","番号识别置信度低于自动联网阈值。"
3007,"FULIJI.STORE@WW (93","F:\完成2\fuliji.store@ww (93.mp4","Actors|Genres|Poster|Fanart|NFO|Description|Series|Director|Studio|ReleaseDate","","","Skipped","CodeInvalid",0,0,"","番号识别置信度低于自动联网阈值。"
3008,"FULIJI.STORE@WW (94","F:\完成2\fuliji.store@ww (94.mp4","Actors|Genres|Poster|Fanart|NFO|Description|Series|Director|Studio|ReleaseDate","","","Skipped","CodeInvalid",0,0,"","番号识别置信度低于自动联网阈值。"
3012,"HONB-487","F:\完成2\HONB-487.mp4","Actors|Director","","JavBus|MetaTube|MDC-NG","Pending","",0,0,"","只请求当前缺失字段；执行前会再次校验。"
3013,"HRSM-145","F:\完成2\HRSM-145.mp4","Actors|Series|Director","","JavBus|MetaTube|MDC-NG","Pending","",0,0,"","只请求当前缺失字段；执行前会再次校验。"
3017,"IMJO-008","F:\完成2\IMJO-008.mp4","Actors|Series|Director","","JavBus|MetaTube|MDC-NG","Pending","",0,0,"","只请求当前缺失字段；执行前会再次校验。"
3026,"IPZZ-857","F:\完成2\ipzz-857.mp4","Series","","MetaTube|MDC-NG|JavBus","Pending","",0,0,"","只请求当前缺失字段；执行前会再次校验。"
3029,"IPZZ-882","F:\完成2\ipzz-882.mp4","Series","","MetaTube|MDC-NG|JavBus","Pending","",0,0,"","只请求当前缺失字段；执行前会再次校验。"
3032,"IPZZ-888","F:\完成2\ipzz-888.mp4","Series","","MetaTube|MDC-NG|JavBus","Pending","",0,0,"","只请求当前缺失字段；执行前会再次校验。"
3035,"JUR-728","F:\完成2\jur-728.mp4","Series","","MetaTube|MDC-NG|JavBus","Pending","",0,0,"","只请求当前缺失字段；执行前会再次校验。"
3039,"MEYD-970","F:\完成2\meyd-970.mp4","Series","","MetaTube|MDC-NG|JavBus","Pending","",0,0,"","只请求当前缺失字段；执行前会再次校验。"
3040,"MFCS-212","F:\完成2\MFCS-212.mp4","Actors|Series|Director","","JavBus|MetaTube|MDC-NG","Pending","",0,0,"","只请求当前缺失字段；执行前会再次校验。"
3042,"MFCW-073","F:\完成2\MFCW-073.mp4","Actors|Series|Director","","JavBus|MetaTube|MDC-NG","Pending","",0,0,"","只请求当前缺失字段；执行前会再次校验。"
3044,"OFJE-620","F:\完成2\MGSProxy@OFJE-620-B_UN.mp4","Director","","JavBus|MetaTube|MDC-NG","Pending","",0,0,"","只请求当前缺失字段；执行前会再次校验。"
3058,"PASN-025","F:\完成2\PASN-025.mp4","Actors|Director","","JavBus|MetaTube|MDC-NG","Pending","",0,0,"","只请求当前缺失字段；执行前会再次校验。"
3071,"SKJK-016","F:\完成2\skjk-016.mp4","NFO|Series|Director","","MetaTube|JavBus|MDC-NG","Pending","",0,0,"","只请求当前缺失字段；执行前会再次校验。"
3074,"SNOS-124","F:\完成2\snos-124.mp4","Series","","MetaTube|MDC-NG|JavBus","Pending","",0,0,"","只请求当前缺失字段；执行前会再次校验。"
3084,"SNOS-278","F:\完成2\snos-278.mp4","Series","","MetaTube|MDC-NG|JavBus","Pending","",0,0,"","只请求当前缺失字段；执行前会再次校验。"
3087,"SONE-148","F:\完成2\sone-148.mp4","Series","","MetaTube|MDC-NG|JavBus","Pending","",0,0,"","只请求当前缺失字段；执行前会再次校验。"
3092,"SONE-680","F:\完成2\sone-680.mp4","Series","","MetaTube|MDC-NG|JavBus","Pending","",0,0,"","只请求当前缺失字段；执行前会再次校验。"
3098,"SQTE-677S","F:\完成2\SQTE-677S.mp4","Actors|Genres|Poster|Fanart|NFO|Description|Series|Director|Studio|ReleaseDate","","","Skipped","CodeInvalid",0,0,"","番号识别置信度低于自动联网阈值。"
3101,"START-569","F:\完成2\start-569.mp4","Series","","MetaTube|MDC-NG|JavBus","Pending","",0,0,"","只请求当前缺失字段；执行前会再次校验。"
3105,"THU-022","F:\完成2\thu-022.mp4","Director","","JavBus|MetaTube|MDC-NG","Pending","",0,0,"","只请求当前缺失字段；执行前会再次校验。"
3109,"WAAA-650","F:\完成2\waaa-650.mp4","Series|Director","","MetaTube|JavBus|MDC-NG","Pending","",0,0,"","只请求当前缺失字段；执行前会再次校验。"
3112,"YMDD-495","F:\完成2\YMDD-495.mp4","Actors|Director","","JavBus|MetaTube|MDC-NG","Pending","",0,0,"","只请求当前缺失字段；执行前会再次校验。"
3174,"420HOI-384","E:\完成\420HOI-384.mp4","Actors|Series|Director","","JavBus|MetaTube|MDC-NG","Pending","",0,0,"","只请求当前缺失字段；执行前会再次校验。"
3176,"777YMYM-013","E:\完成\777YMYM-013.mp4","Actors|Genres|Poster|Fanart|NFO|Description|Series|Director|Studio|ReleaseDate","","JavBus|MetaTube|MDC-NG","Pending","",0,0,"","只请求当前缺失字段；执行前会再次校验。"
3202,"CHUC-121","E:\完成\CHUC-121.mp4","Actors|Series|Director","","JavBus|MetaTube|MDC-NG","Pending","",0,0,"","只请求当前缺失字段；执行前会再次校验。"
3204,"DAL-005","E:\完成\dal-005.mp4","Actors|NFO","","JavBus|MetaTube|MDC-NG","Pending","",0,0,"","只请求当前缺失字段；执行前会再次校验。"
3214,"FC2-PPV-2551759","E:\完成\FC2-PPV-2551759.mp4","Actors|Poster|Fanart|Series|Director","","JavBus|MetaTube|MDC-NG","Pending","",0,0,"","只请求当前缺失字段；执行前会再次校验。"
3215,"FC2-PPV-3253595","E:\完成\FC2-PPV-3253595.mp4","Actors|Series|Director","","JavBus|MetaTube|MDC-NG","Pending","",0,0,"","只请求当前缺失字段；执行前会再次校验。"
3217,"FC2-PPV-3259498_2","E:\完成\FC2-PPV-3259498_2.mp4","Actors|Series|Director","","","Conflict","CodeConflict",0,0,"","数据库番号 FC2-PPV-3259498_2 与文件重识别 FC2-PPV-3259498 不一致。"
3220,"FC2-PPV-3301990","E:\完成\FC2-PPV-3301990.mp4","Actors|Series|Director","","JavBus|MetaTube|MDC-NG","Pending","",0,0,"","只请求当前缺失字段；执行前会再次校验。"
3221,"FC2-PPV-3577715","E:\完成\FC2-PPV-3577715.mp4","Actors|Poster|Fanart|Series|Director","","JavBus|MetaTube|MDC-NG","Pending","",0,0,"","只请求当前缺失字段；执行前会再次校验。"
3222,"FC2-PPV-4856696","E:\完成\FC2-PPV-4856696.mp4","Actors|Poster|Fanart|Series|Director","","JavBus|MetaTube|MDC-NG","Pending","",0,0,"","只请求当前缺失字段；执行前会再次校验。"
3223,"FC2PPV-2589532","E:\完成\FC2PPV-2589532.mp4","Actors|Poster|Fanart|Series|Director","","","Conflict","CodeConflict",0,0,"","数据库番号 FC2PPV-2589532 与文件重识别 FC2-PPV-2589532 不一致。"
3224,"FC2PPV-2724256","E:\完成\FC2PPV-2724256.mp4","Actors|Genres|Poster|Fanart|Series|Director","","","Conflict","CodeConflict",0,0,"","数据库番号 FC2PPV-2724256 与文件重识别 FC2-PPV-2724256 不一致。"
3226,"FC2PPV-4025269-1","E:\完成\FC2PPV-4025269-1.mp4","Actors|Genres|Poster|Fanart|Series|Director","","","Conflict","CodeConflict",0,0,"","数据库番号 FC2PPV-4025269-1 与文件重识别 FC2-PPV-4025269 不一致。"
3227,"FC2PPV-4025269-2","E:\完成\FC2PPV-4025269-2.mp4","Actors|Genres|Poster|Fanart|Series|Director","","","Conflict","CodeConflict",0,0,"","数据库番号 FC2PPV-4025269-2 与文件重识别 FC2-PPV-4025269 不一致。"
3228,"FC2PPV-4162750","E:\完成\FC2PPV-4162750.mp4","Actors|Genres|Series|Director","","","Conflict","CodeConflict",0,0,"","数据库番号 FC2PPV-4162750 与文件重识别 FC2-PPV-4162750 不一致。"
3229,"FC2PPV-4247151-5","E:\完成\FC2PPV-4247151-5.mp4","Actors|Genres|Series|Director","","","Conflict","CodeConflict",0,0,"","数据库番号 FC2PPV-4247151-5 与文件重识别 FC2-PPV-4247151 不一致。"
3230,"FC2PPV4856696-2","E:\完成\FC2PPV4856696-2.mp4","Actors|Poster|Fanart|Series|Director","","","Conflict","CodeConflict",0,0,"","数据库番号 FC2PPV4856696-2 与文件重识别 FC2-PPV-4856696 不一致。"
3231,"FFT-039","E:\完成\FFT-039.mp4","Actors","","JavBus|MetaTube|MDC-NG","Pending","",0,0,"","只请求当前缺失字段；执行前会再次校验。"
3240,"HMN-633","E:\完成\hmn-633.mp4","NFO|Series","","MetaTube|MDC-NG|JavBus","Pending","",0,0,"","只请求当前缺失字段；执行前会再次校验。"
3247,"HSODA-061","E:\完成\HSODA-061.mp4","Fanart","","MetaTube|MDC-NG|JavBus","Pending","",0,0,"","只请求当前缺失字段；执行前会再次校验。"
3250,"HUNTC-412","E:\完成\HUNTC-412.mp4","Actors","","JavBus|MetaTube|MDC-NG","Pending","",0,0,"","只请求当前缺失字段；执行前会再次校验。"
3251,"IPX-072","E:\完成\ipx-072.mp4","NFO","","MetaTube|MDC-NG|JavBus","Pending","",0,0,"","只请求当前缺失字段；执行前会再次校验。"
3253,"IPZZ-421","E:\完成\ipzz-421.mp4","NFO|Series","","MetaTube|MDC-NG|JavBus","Pending","",0,0,"","只请求当前缺失字段；执行前会再次校验。"
3258,"MIDA-079","E:\完成\mida-079.mp4","NFO|Series","","MetaTube|MDC-NG|JavBus","Pending","",0,0,"","只请求当前缺失字段；执行前会再次校验。"
3270,"MUFR-004","E:\完成\MUFR-004.mp4","Actors|Director","","JavBus|MetaTube|MDC-NG","Pending","",0,0,"","只请求当前缺失字段；执行前会再次校验。"
3275,"PASN-012","E:\完成\PASN-012.mp4","Actors|Director","","JavBus|MetaTube|MDC-NG","Pending","",0,0,"","只请求当前缺失字段；执行前会再次校验。"
3282,"SDAM-161","E:\完成\SDAM-161.mp4","Actors|Series|Director","","JavBus|MetaTube|MDC-NG","Pending","",0,0,"","只请求当前缺失字段；执行前会再次校验。"
3287,"SONE-454","E:\完成\sone-454.mp4","NFO|Series","NFO","MetaTube|MDC-NG|JavBus","Pending","",0,0,"","只请求当前缺失字段；执行前会再次校验。"
3295,"STP-34630","E:\完成\STP34630.mp4","Actors|Genres|Poster|Fanart|NFO|Description|Series|Director|Studio|ReleaseDate","","JavBus|MetaTube|MDC-NG","Pending","",0,0,"","只请求当前缺失字段；执行前会再次校验。"
4249,"483TMG-001","F:\完成2\483TMG-001.mp4","Actors|Director","","JavBus|MetaTube|MDC-NG","Pending","",0,0,"","只请求当前缺失字段；执行前会再次校验。"
4252,"PPV-676186","Z:\bcbcbcbc\ca-ES\data\未分类\FC2 PPV 676186.mp4","Actors|Genres|Poster|Fanart|NFO|Description|Series|Director|Studio|ReleaseDate","","","Conflict","CodeConflict",0,0,"","数据库番号 PPV-676186 与文件重识别 FC2-PPV-676186 不一致。"
4253,"PPV-794526","Z:\bcbcbcbc\ca-ES\data\未分类\FC2 PPV 794526.mp4","Actors|Genres|Poster|Fanart|NFO|Description|Series|Director|Studio|ReleaseDate","","","Conflict","CodeConflict",0,0,"","数据库番号 PPV-794526 与文件重识别 FC2-PPV-794526 不一致。"
4254,"FC2PPV-2857221","Z:\bcbcbcbc\ca-ES\data\未分类\FC2PPV-2857221.mp4","Actors|Series|Director","","","Conflict","CodeConflict",0,0,"","数据库番号 FC2PPV-2857221 与文件重识别 FC2-PPV-2857221 不一致。"
4255,"FSOG-066","Z:\bcbcbcbc\ca-ES\data\未分类\FSOG066.mp4","Actors|Genres|Poster|Fanart|NFO|Description|Series|Director|Studio|ReleaseDate","","JavBus|MetaTube|MDC-NG","Pending","",0,0,"","只请求当前缺失字段；执行前会再次校验。"
4267,"ABW-232","Z:\bcbcbcbc\ca-ES\data\未分类2\ABW-232.mp4","Poster|Fanart","","MetaTube|JavBus|MDC-NG","Pending","",0,0,"","只请求当前缺失字段；执行前会再次校验。"
4271,"CF1219476","Z:\bcbcbcbc\ca-ES\data\未分类2\CF1219476.mp4","Actors|Genres|Poster|Fanart|NFO|Description|Series|Director|Studio|ReleaseDate","","","Conflict","CodeConflict",0,0,"","数据库番号 CF1219476 与文件重识别 CF-1219476 不一致。"
4292,"CAWD-935","E:\完成\cawd-935.mp4","Series","","MetaTube|MDC-NG|JavBus","Pending","",0,0,"","只请求当前缺失字段；执行前会再次校验。"
4302,"CHN-207","F:\完成2\CHN-207.mp4","Poster|Fanart","","MetaTube|JavBus|MDC-NG","Pending","",0,0,"","只请求当前缺失字段；执行前会再次校验。"
4307,"URVRSP-00591","F:\完成2\urvrsp00591_3.mp4","Actors|Genres|Poster|Fanart|NFO|Description|Series|Director|Studio|ReleaseDate","","JavBus|MetaTube|MDC-NG","Pending","",0,0,"","只请求当前缺失字段；执行前会再次校验。"
4310,"AAAAAATINY+三星+外国+大屌+无码","Z:\bcbcbcbc\ca-ES\data\已命名电影\AAAAAATINY+三星+外国+大屌+无码.mp4","Actors|Genres|Poster|Fanart|NFO|Description|Series|Director|Studio|ReleaseDate","","","Skipped","CodeInvalid",0,0,"","番号识别置信度低于自动联网阈值。"
4318,"FC2-PPV-1288053","Z:\bcbcbcbc\ca-ES\data\未分类\FC2-PPV-1288053.mp4","Actors|Genres|Poster|Fanart|NFO|Description|Series|Director|Studio|ReleaseDate","","JavBus|MetaTube|MDC-NG","Pending","",0,0,"","只请求当前缺失字段；执行前会再次校验。"
4320,"FSDSS-289","Z:\bcbcbcbc\ca-ES\data\未分类\fsdss-289.mp4","Series","","MetaTube|MDC-NG|JavBus","Pending","",0,0,"","只请求当前缺失字段；执行前会再次校验。"
4323,"FSOG-026","Z:\bcbcbcbc\ca-ES\data\未分类\FSOG-026.TS","Actors|Genres|Poster|Fanart|NFO|Description|Series|Director|Studio|ReleaseDate","","JavBus|MetaTube|MDC-NG","Pending","",0,0,"","只请求当前缺失字段；执行前会再次校验。"
4328,"OFJE-614","Z:\bcbcbcbc\ca-ES\data\未分类2\695232.xyz OFJE-614.mp4","Series|Director","","","Skipped","MissingMedia",0,0,"","媒体文件不存在或存储当前不可访问。"
4335,"ABW-124","Z:\bcbcbcbc\ca-ES\data\未分类2\ABW-124.mp4","Poster|Fanart","","MetaTube|JavBus|MDC-NG","Pending","",0,0,"","只请求当前缺失字段；执行前会再次校验。"
4342,"KPKP-69","Z:\bcbcbcbc\ca-ES\data\未分类2\kpkp69.com-ABW177.mp4","Actors|Genres|Poster|Fanart|NFO|Description|Series|Director|Studio|ReleaseDate","","","Skipped","MissingMedia",0,0,"","媒体文件不存在或存储当前不可访问。"
4350,"SSIS-845","Z:\bcbcbcbc\ca-ES\data\未分类2\SSIS-845.mp4","Poster|Fanart|Series","","MetaTube|JavBus|MDC-NG","Pending","",0,0,"","只请求当前缺失字段；执行前会再次校验。"
4352,"THU-043","Z:\bcbcbcbc\ca-ES\data\未分类2\thu-043.mp4","Director","","JavBus|MetaTube|MDC-NG","Pending","",0,0,"","只请求当前缺失字段；执行前会再次校验。"
4353,"+0+不露脸+四星+国产","Z:\bcbcbcbc\ca-ES\data\已命名电影\新建文件夹\+0+不露脸+四星+国产.mp4","Actors|Genres|Poster|Fanart|NFO|Description|Series|Director|Studio|ReleaseDate","","","Skipped","MissingMedia",0,0,"","媒体文件不存在或存储当前不可访问。"
4354,"+0+不露脸+四星+大屌+娇小可爱清纯","Z:\bcbcbcbc\ca-ES\data\已命名电影\新建文件夹\+0+不露脸+四星+大屌+娇小可爱清纯.mp4","Actors|Genres|Poster|Fanart|NFO|Description|Series|Director|Studio|ReleaseDate","","","Skipped","MissingMedia",0,0,"","媒体文件不存在或存储当前不可访问。"
4355,"+0+四星+外国+大屌+无码+白虎","Z:\bcbcbcbc\ca-ES\data\已命名电影\新建文件夹\+0+四星+外国+大屌+无码+白虎.avi","Actors|Genres|Poster|Fanart|NFO|Description|Series|Director|Studio|ReleaseDate","","","Skipped","MissingMedia",0,0,"","媒体文件不存在或存储当前不可访问。"
4356,"+0+四星+外国+大屌+白虎","Z:\bcbcbcbc\ca-ES\data\已命名电影\新建文件夹\+0+四星+外国+大屌+白虎.mp4","Actors|Genres|Poster|Fanart|NFO|Description|Series|Director|Studio|ReleaseDate","","","Skipped","MissingMedia",0,0,"","媒体文件不存在或存储当前不可访问。"
4357,"+0+四星+外国+无码+高颜值","Z:\bcbcbcbc\ca-ES\data\已命名电影\新建文件夹\+0+四星+外国+无码+高颜值.mp4","Actors|Genres|Poster|Fanart|NFO|Description|Series|Director|Studio|ReleaseDate","","","Skipped","MissingMedia",0,0,"","媒体文件不存在或存储当前不可访问。"
4358,"+0+四星","Z:\bcbcbcbc\ca-ES\data\已命名电影\新建文件夹\+0+四星.mp4","Actors|Genres|Poster|Fanart|NFO|Description|Series|Director|Studio|ReleaseDate","","","Skipped","MissingMedia",0,0,"","媒体文件不存在或存储当前不可访问。"
4359,"+0+寻找出处","Z:\bcbcbcbc\ca-ES\data\已命名电影\新建文件夹\+0+寻找出处.mp4","Actors|Genres|Poster|Fanart|NFO|Description|Series|Director|Studio|ReleaseDate","","","Skipped","MissingMedia",0,0,"","媒体文件不存在或存储当前不可访问。"
4360,"+BC+不露脸+五星+制服丝袜+娇小可爱清纯","Z:\bcbcbcbc\ca-ES\data\已命名电影\新建文件夹\+bc+不露脸+五星+制服丝袜+娇小可爱清纯.mp4","Actors|Genres|Poster|Fanart|NFO|Description|Series|Director|Studio|ReleaseDate","","","Skipped","MissingMedia",0,0,"","媒体文件不存在或存储当前不可访问。"
4361,"+BC+四星+外国+大屌+白虎","Z:\bcbcbcbc\ca-ES\data\已命名电影\新建文件夹\+bc+四星+外国+大屌+白虎.mp4","Actors|Genres|Poster|Fanart|NFO|Description|Series|Director|Studio|ReleaseDate","","","Skipped","MissingMedia",0,0,"","媒体文件不存在或存储当前不可访问。"
4362,"+BCBCBC+不露脸+国产+好身材大长腿+捅主任+无码","Z:\bcbcbcbc\ca-ES\data\已命名电影\新建文件夹\+BCBCBC+不露脸+国产+好身材大长腿+捅主任+无码.mp4","Actors|Genres|Poster|Fanart|NFO|Description|Series|Director|Studio|ReleaseDate","","","Skipped","MissingMedia",0,0,"","媒体文件不存在或存储当前不可访问。"
4363,"+BCBCBC+五星+制服+国产+大屌+好身材大长腿+捅主任+白虎","Z:\bcbcbcbc\ca-ES\data\已命名电影\新建文件夹\+BCBCBC+五星+制服+国产+大屌+好身材大长腿+捅主任+白虎.mp4","Actors|Genres|Poster|Fanart|NFO|Description|Series|Director|Studio|ReleaseDate","","","Skipped","MissingMedia",0,0,"","媒体文件不存在或存储当前不可访问。"
4364,"+BCBCBC+五星+国产+高颜值","Z:\bcbcbcbc\ca-ES\data\已命名电影\新建文件夹\+BCBCBC+五星+国产+高颜值.mp4","Actors|Genres|Poster|Fanart|NFO|Description|Series|Director|Studio|ReleaseDate","","","Skipped","MissingMedia",0,0,"","媒体文件不存在或存储当前不可访问。"
4365,"+BCBCBC+五星+外国+大屌+白虎","Z:\bcbcbcbc\ca-ES\data\已命名电影\新建文件夹\+BCBCBC+五星+外国+大屌+白虎.mp4","Actors|Genres|Poster|Fanart|NFO|Description|Series|Director|Studio|ReleaseDate","","","Skipped","MissingMedia",0,0,"","媒体文件不存在或存储当前不可访问。"
4366,"+BCBCBC+五星+无码+爆操","Z:\bcbcbcbc\ca-ES\data\已命名电影\新建文件夹\+BCBCBC+五星+无码+爆操.mp4","Actors|Genres|Poster|Fanart|NFO|Description|Series|Director|Studio|ReleaseDate","","","Skipped","MissingMedia",0,0,"","媒体文件不存在或存储当前不可访问。"
4367,"+BCBCBC+四星+外国+大屌+爆操","Z:\bcbcbcbc\ca-ES\data\已命名电影\新建文件夹\+BCBCBC+四星+外国+大屌+爆操.mp4","Actors|Genres|Poster|Fanart|NFO|Description|Series|Director|Studio|ReleaseDate","","","Skipped","MissingMedia",0,0,"","媒体文件不存在或存储当前不可访问。"
4368,"+三星+制服丝袜+好身材大长腿","Z:\bcbcbcbc\ca-ES\data\已命名电影\新建文件夹\+三星+制服丝袜+好身材大长腿.mp4","Actors|Genres|Poster|Fanart|NFO|Description|Series|Director|Studio|ReleaseDate","","","Skipped","MissingMedia",0,0,"","媒体文件不存在或存储当前不可访问。"
4369,"+三星+外国+大屌+无码+白虎","Z:\bcbcbcbc\ca-ES\data\已命名电影\新建文件夹\+三星+外国+大屌+无码+白虎.mp4","Actors|Genres|Poster|Fanart|NFO|Description|Series|Director|Studio|ReleaseDate","","","Skipped","MissingMedia",0,0,"","媒体文件不存在或存储当前不可访问。"
4370,"+三星+教学","Z:\bcbcbcbc\ca-ES\data\已命名电影\新建文件夹\+三星+教学.mp4","Actors|Genres|Poster|Fanart|NFO|Description|Series|Director|Studio|ReleaseDate","","","Skipped","MissingMedia",0,0,"","媒体文件不存在或存储当前不可访问。"
4371,"+三星+无码","Z:\bcbcbcbc\ca-ES\data\已命名电影\新建文件夹\+三星+无码.mp4","Actors|Genres|Poster|Fanart|NFO|Description|Series|Director|Studio|ReleaseDate","","","Skipped","MissingMedia",0,0,"","媒体文件不存在或存储当前不可访问。"
4372,"+不露脸+五星+制服+国产+无码","Z:\bcbcbcbc\ca-ES\data\已命名电影\新建文件夹\+不露脸+五星+制服+国产+无码.mp4","Actors|Genres|Poster|Fanart|NFO|Description|Series|Director|Studio|ReleaseDate","","","Skipped","MissingMedia",0,0,"","媒体文件不存在或存储当前不可访问。"
4373,"+不露脸+五星+制服+大屌+娇小可爱清纯+爆操","Z:\bcbcbcbc\ca-ES\data\已命名电影\新建文件夹\+不露脸+五星+制服+大屌+娇小可爱清纯+爆操.mp4","Actors|Genres|Poster|Fanart|NFO|Description|Series|Director|Studio|ReleaseDate","","","Skipped","MissingMedia",0,0,"","媒体文件不存在或存储当前不可访问。"
4374,"+不露脸+五星+国产+大屌+娇小可爱清纯+无码+白虎","Z:\bcbcbcbc\ca-ES\data\已命名电影\新建文件夹\+不露脸+五星+国产+大屌+娇小可爱清纯+无码+白虎.mp4","Actors|Genres|Poster|Fanart|NFO|Description|Series|Director|Studio|ReleaseDate","","","Skipped","MissingMedia",0,0,"","媒体文件不存在或存储当前不可访问。"
4375,"+不露脸+五星+国产+大屌+娇小可爱清纯+无码","Z:\bcbcbcbc\ca-ES\data\已命名电影\新建文件夹\+不露脸+五星+国产+大屌+娇小可爱清纯+无码.mp4","Actors|Genres|Poster|Fanart|NFO|Description|Series|Director|Studio|ReleaseDate","","","Skipped","MissingMedia",0,0,"","媒体文件不存在或存储当前不可访问。"
4376,"+不露脸+五星+国产+大屌+娇小可爱清纯+白虎","Z:\bcbcbcbc\ca-ES\data\已命名电影\新建文件夹\+不露脸+五星+国产+大屌+娇小可爱清纯+白虎.mp4","Actors|Genres|Poster|Fanart|NFO|Description|Series|Director|Studio|ReleaseDate","","","Skipped","MissingMedia",0,0,"","媒体文件不存在或存储当前不可访问。"
4377,"+不露脸+五星+国产+好身材大长腿","Z:\bcbcbcbc\ca-ES\data\已命名电影\新建文件夹\+不露脸+五星+国产+好身材大长腿.mp4","Actors|Genres|Poster|Fanart|NFO|Description|Series|Director|Studio|ReleaseDate","","","Skipped","MissingMedia",0,0,"","媒体文件不存在或存储当前不可访问。"
4378,"+不露脸+五星+国产+娇小可爱清纯+捅主任+无码+重命名","Z:\bcbcbcbc\ca-ES\data\已命名电影\新建文件夹\+不露脸+五星+国产+娇小可爱清纯+捅主任+无码+重命名.mp4","Actors|Genres|Poster|Fanart|NFO|Description|Series|Director|Studio|ReleaseDate","","","Skipped","MissingMedia",0,0,"","媒体文件不存在或存储当前不可访问。"
4379,"+不露脸+五星+国产+娇小可爱清纯","Z:\bcbcbcbc\ca-ES\data\已命名电影\新建文件夹\+不露脸+五星+国产+娇小可爱清纯.mp4","Actors|Genres|Poster|Fanart|NFO|Description|Series|Director|Studio|ReleaseDate","","","Skipped","MissingMedia",0,0,"","媒体文件不存在或存储当前不可访问。"
4380,"+不露脸+五星+好身材大长腿+短片","Z:\bcbcbcbc\ca-ES\data\已命名电影\新建文件夹\+不露脸+五星+好身材大长腿+短片.mp4","Actors|Genres|Poster|Fanart|NFO|Description|Series|Director|Studio|ReleaseDate","","","Skipped","MissingMedia",0,0,"","媒体文件不存在或存储当前不可访问。"
4381,"+不露脸+五星+无码+爆操","Z:\bcbcbcbc\ca-ES\data\已命名电影\新建文件夹\+不露脸+五星+无码+爆操.mp4","Actors|Genres|Poster|Fanart|NFO|Description|Series|Director|Studio|ReleaseDate","","","Skipped","MissingMedia",0,0,"","媒体文件不存在或存储当前不可访问。"
4382,"+不露脸+五星+白虎+短片","Z:\bcbcbcbc\ca-ES\data\已命名电影\新建文件夹\+不露脸+五星+白虎+短片.mp4","Actors|Genres|Poster|Fanart|NFO|Description|Series|Director|Studio|ReleaseDate","","","Skipped","MissingMedia",0,0,"","媒体文件不存在或存储当前不可访问。"
4383,"+不露脸+制服+四星+国产+无码","Z:\bcbcbcbc\ca-ES\data\已命名电影\新建文件夹\+不露脸+制服+四星+国产+无码.mp4","Actors|Genres|Poster|Fanart|NFO|Description|Series|Director|Studio|ReleaseDate","","","Skipped","MissingMedia",0,0,"","媒体文件不存在或存储当前不可访问。"
4384,"+不露脸+制服+四星+娇小可爱清纯","Z:\bcbcbcbc\ca-ES\data\已命名电影\新建文件夹\+不露脸+制服+四星+娇小可爱清纯.mp4","Actors|Genres|Poster|Fanart|NFO|Description|Series|Director|Studio|ReleaseDate","","","Skipped","MissingMedia",0,0,"","媒体文件不存在或存储当前不可访问。"
4385,"+不露脸+四星+国产+大屌+娇小可爱清纯+捅主任+无码","Z:\bcbcbcbc\ca-ES\data\已命名电影\新建文件夹\+不露脸+四星+国产+大屌+娇小可爱清纯+捅主任+无码.mp4","Actors|Genres|Poster|Fanart|NFO|Description|Series|Director|Studio|ReleaseDate","","","Skipped","MissingMedia",0,0,"","媒体文件不存在或存储当前不可访问。"
4386,"+不露脸+四星+国产+娇小可爱清纯+捅主任+重命名","Z:\bcbcbcbc\ca-ES\data\已命名电影\新建文件夹\+不露脸+四星+国产+娇小可爱清纯+捅主任+重命名.mp4","Actors|Genres|Poster|Fanart|NFO|Description|Series|Director|Studio|ReleaseDate","","","Skipped","MissingMedia",0,0,"","媒体文件不存在或存储当前不可访问。"
4387,"+不露脸+四星+国产+娇小可爱清纯+无码+短片","Z:\bcbcbcbc\ca-ES\data\已命名电影\新建文件夹\+不露脸+四星+国产+娇小可爱清纯+无码+短片.mp4","Actors|Genres|Poster|Fanart|NFO|Description|Series|Director|Studio|ReleaseDate","","","Skipped","MissingMedia",0,0,"","媒体文件不存在或存储当前不可访问。"
4388,"+不露脸+四星+国产+持续输出","Z:\bcbcbcbc\ca-ES\data\已命名电影\新建文件夹\+不露脸+四星+国产+持续输出.mp4","Actors|Genres|Poster|Fanart|NFO|Description|Series|Director|Studio|ReleaseDate","","","Skipped","MissingMedia",0,0,"","媒体文件不存在或存储当前不可访问。"
4389,"+不露脸+四星+国产","Z:\bcbcbcbc\ca-ES\data\已命名电影\新建文件夹\+不露脸+四星+国产.mp4","Actors|Genres|Poster|Fanart|NFO|Description|Series|Director|Studio|ReleaseDate","","","Skipped","MissingMedia",0,0,"","媒体文件不存在或存储当前不可访问。"
4390,"+不露脸+四星+大屌+娇小可爱清纯","Z:\bcbcbcbc\ca-ES\data\已命名电影\新建文件夹\+不露脸+四星+大屌+娇小可爱清纯.mp4","Actors|Genres|Poster|Fanart|NFO|Description|Series|Director|Studio|ReleaseDate","","","Skipped","MissingMedia",0,0,"","媒体文件不存在或存储当前不可访问。"
4391,"+不露脸+四星+大屌","Z:\bcbcbcbc\ca-ES\data\已命名电影\新建文件夹\+不露脸+四星+大屌.mp4","Actors|Genres|Poster|Fanart|NFO|Description|Series|Director|Studio|ReleaseDate","","","Skipped","MissingMedia",0,0,"","媒体文件不存在或存储当前不可访问。"
4392,"+不露脸+国产+好身材大长腿","Z:\bcbcbcbc\ca-ES\data\已命名电影\新建文件夹\+不露脸+国产+好身材大长腿.mp4","Actors|Genres|Poster|Fanart|NFO|Description|Series|Director|Studio|ReleaseDate","","","Skipped","MissingMedia",0,0,"","媒体文件不存在或存储当前不可访问。"
4393,"+五星+制服+娜娜 空姐劇情","Z:\bcbcbcbc\ca-ES\data\已命名电影\新建文件夹\+五星+制服+娜娜 空姐劇情.mp4","Actors|Genres|Poster|Fanart|NFO|Description|Series|Director|Studio|ReleaseDate","","","Skipped","MissingMedia",0,0,"","媒体文件不存在或存储当前不可访问。"
4394,"+五星+制服+爆操","Z:\bcbcbcbc\ca-ES\data\已命名电影\新建文件夹\+五星+制服+爆操.mp4","Actors|Genres|Poster|Fanart|NFO|Description|Series|Director|Studio|ReleaseDate","","","Skipped","MissingMedia",0,0,"","媒体文件不存在或存储当前不可访问。"
4395,"+五星+国产+大屌+捅主任+白虎","Z:\bcbcbcbc\ca-ES\data\已命名电影\新建文件夹\+五星+国产+大屌+捅主任+白虎.mp4","Actors|Genres|Poster|Fanart|NFO|Description|Series|Director|Studio|ReleaseDate","","","Skipped","MissingMedia",0,0,"","媒体文件不存在或存储当前不可访问。"
4396,"+五星+国产+高颜值","Z:\bcbcbcbc\ca-ES\data\已命名电影\新建文件夹\+五星+国产+高颜值.mp4","Actors|Genres|Poster|Fanart|NFO|Description|Series|Director|Studio|ReleaseDate","","","Skipped","MissingMedia",0,0,"","媒体文件不存在或存储当前不可访问。"
4397,"+五星+外国+大屌+爆操","Z:\bcbcbcbc\ca-ES\data\已命名电影\新建文件夹\+五星+外国+大屌+爆操.mp4","Actors|Genres|Poster|Fanart|NFO|Description|Series|Director|Studio|ReleaseDate","","","Skipped","MissingMedia",0,0,"","媒体文件不存在或存储当前不可访问。"
4398,"+五星+外国+大屌+白虎","Z:\bcbcbcbc\ca-ES\data\已命名电影\新建文件夹\+五星+外国+大屌+白虎.mp4","Actors|Genres|Poster|Fanart|NFO|Description|Series|Director|Studio|ReleaseDate","","","Skipped","MissingMedia",0,0,"","媒体文件不存在或存储当前不可访问。"
4399,"+五星+大屌+娇小可爱清纯+捅主任+白虎","Z:\bcbcbcbc\ca-ES\data\已命名电影\新建文件夹\+五星+大屌+娇小可爱清纯+捅主任+白虎.mp4","Actors|Genres|Poster|Fanart|NFO|Description|Series|Director|Studio|ReleaseDate","","","Skipped","MissingMedia",0,0,"","媒体文件不存在或存储当前不可访问。"
4400,"+五星+好身材大长腿+捅主任+白虎","Z:\bcbcbcbc\ca-ES\data\已命名电影\新建文件夹\+五星+好身材大长腿+捅主任+白虎.mp4","Actors|Genres|Poster|Fanart|NFO|Description|Series|Director|Studio|ReleaseDate","","","Skipped","MissingMedia",0,0,"","媒体文件不存在或存储当前不可访问。"
4401,"+五星+换脸AI+高颜值","Z:\bcbcbcbc\ca-ES\data\已命名电影\新建文件夹\+五星+换脸AI+高颜值.mp4","Actors|Genres|Poster|Fanart|NFO|Description|Series|Director|Studio|ReleaseDate","","","Skipped","MissingMedia",0,0,"","媒体文件不存在或存储当前不可访问。"
4402,"+制服+剧情+四星+外国+大屌+白虎+高颜值","Z:\bcbcbcbc\ca-ES\data\已命名电影\新建文件夹\+制服+剧情+四星+外国+大屌+白虎+高颜值.mp4","Actors|Genres|Poster|Fanart|NFO|Description|Series|Director|Studio|ReleaseDate","","","Skipped","MissingMedia",0,0,"","媒体文件不存在或存储当前不可访问。"
4403,"+制服+四星+好身材大长腿","Z:\bcbcbcbc\ca-ES\data\已命名电影\新建文件夹\+制服+四星+好身材大长腿.mp4","Actors|Genres|Poster|Fanart|NFO|Description|Series|Director|Studio|ReleaseDate","","","Skipped","MissingMedia",0,0,"","媒体文件不存在或存储当前不可访问。"
4404,"+制服+四星+教学+高颜值","Z:\bcbcbcbc\ca-ES\data\已命名电影\新建文件夹\+制服+四星+教学+高颜值.mp4","Actors|Genres|Poster|Fanart|NFO|Description|Series|Director|Studio|ReleaseDate","","","Skipped","MissingMedia",0,0,"","媒体文件不存在或存储当前不可访问。"
4405,"+制服+好身材大长腿+白虎","Z:\bcbcbcbc\ca-ES\data\已命名电影\新建文件夹\+制服+好身材大长腿+白虎.mp4","Actors|Genres|Poster|Fanart|NFO|Description|Series|Director|Studio|ReleaseDate","","","Skipped","MissingMedia",0,0,"","媒体文件不存在或存储当前不可访问。"
4406,"+四星+国产+好身材大长腿+娇小可爱清纯","Z:\bcbcbcbc\ca-ES\data\已命名电影\新建文件夹\+四星+国产+好身材大长腿+娇小可爱清纯.mp4","Actors|Genres|Poster|Fanart|NFO|Description|Series|Director|Studio|ReleaseDate","","","Skipped","MissingMedia",0,0,"","媒体文件不存在或存储当前不可访问。"
4407,"+四星+国产+高颜值","Z:\bcbcbcbc\ca-ES\data\已命名电影\新建文件夹\+四星+国产+高颜值.mp4","Actors|Genres|Poster|Fanart|NFO|Description|Series|Director|Studio|ReleaseDate","","","Skipped","MissingMedia",0,0,"","媒体文件不存在或存储当前不可访问。"
4408,"+四星+外国+大屌+白虎+高颜值","Z:\bcbcbcbc\ca-ES\data\已命名电影\新建文件夹\+四星+外国+大屌+白虎+高颜值.mp4","Actors|Genres|Poster|Fanart|NFO|Description|Series|Director|Studio|ReleaseDate","","","Skipped","MissingMedia",0,0,"","媒体文件不存在或存储当前不可访问。"
4409,"+四星+外国+大屌+白虎","Z:\bcbcbcbc\ca-ES\data\已命名电影\新建文件夹\+四星+外国+大屌+白虎.mp4","Actors|Genres|Poster|Fanart|NFO|Description|Series|Director|Studio|ReleaseDate","","","Skipped","MissingMedia",0,0,"","媒体文件不存在或存储当前不可访问。"
4410,"+四星+外国+大屌","Z:\bcbcbcbc\ca-ES\data\已命名电影\新建文件夹\+四星+外国+大屌.mkv","Actors|Genres|Poster|Fanart|NFO|Description|Series|Director|Studio|ReleaseDate","","","Skipped","MissingMedia",0,0,"","媒体文件不存在或存储当前不可访问。"
4411,"+四星+外国+大屌","Z:\bcbcbcbc\ca-ES\data\已命名电影\新建文件夹\+四星+外国+大屌.mp4","Actors|Genres|Poster|Fanart|NFO|Description|Series|Director|Studio|ReleaseDate","","","Skipped","MissingMedia",0,0,"","媒体文件不存在或存储当前不可访问。"
4412,"+四星+外国+白虎","Z:\bcbcbcbc\ca-ES\data\已命名电影\新建文件夹\+四星+外国+白虎.mp4","Actors|Genres|Poster|Fanart|NFO|Description|Series|Director|Studio|ReleaseDate","","","Skipped","MissingMedia",0,0,"","媒体文件不存在或存储当前不可访问。"
4413,"+四星+多人+持续输出","Z:\bcbcbcbc\ca-ES\data\已命名电影\新建文件夹\+四星+多人+持续输出.mp4","Actors|Genres|Poster|Fanart|NFO|Description|Series|Director|Studio|ReleaseDate","","","Skipped","MissingMedia",0,0,"","媒体文件不存在或存储当前不可访问。"
4414,"+四星+换脸AI+高颜值","Z:\bcbcbcbc\ca-ES\data\已命名电影\新建文件夹\+四星+换脸AI+高颜值.mp4","Actors|Genres|Poster|Fanart|NFO|Description|Series|Director|Studio|ReleaseDate","","","Skipped","MissingMedia",0,0,"","媒体文件不存在或存储当前不可访问。"
4415,"+四星+无码","Z:\bcbcbcbc\ca-ES\data\已命名电影\新建文件夹\+四星+无码.mp4","Actors|Genres|Poster|Fanart|NFO|Description|Series|Director|Studio|ReleaseDate","","","Skipped","MissingMedia",0,0,"","媒体文件不存在或存储当前不可访问。"
4416,"+四星","Z:\bcbcbcbc\ca-ES\data\已命名电影\新建文件夹\+四星.mp4","Actors|Genres|Poster|Fanart|NFO|Description|Series|Director|Studio|ReleaseDate","","","Skipped","MissingMedia",0,0,"","媒体文件不存在或存储当前不可访问。"
4417,"+外国+大屌+无码+白虎","Z:\bcbcbcbc\ca-ES\data\已命名电影\新建文件夹\+外国+大屌+无码+白虎.mp4","Actors|Genres|Poster|Fanart|NFO|Description|Series|Director|Studio|ReleaseDate","","","Skipped","MissingMedia",0,0,"","媒体文件不存在或存储当前不可访问。"
4418,"+大屌","Z:\bcbcbcbc\ca-ES\data\已命名电影\新建文件夹\+大屌.avi","Actors|Genres|Poster|Fanart|NFO|Description|Series|Director|Studio|ReleaseDate","","","Skipped","MissingMedia",0,0,"","媒体文件不存在或存储当前不可访问。"
4419,"+寻找出处","Z:\bcbcbcbc\ca-ES\data\已命名电影\新建文件夹\+寻找出处.mp4","Actors|Genres|Poster|Fanart|NFO|Description|Series|Director|Studio|ReleaseDate","","","Skipped","MissingMedia",0,0,"","媒体文件不存在或存储当前不可访问。"
4420,"+白虎+短片","Z:\bcbcbcbc\ca-ES\data\已命名电影\新建文件夹\+白虎+短片.mp4","Actors|Genres|Poster|Fanart|NFO|Description|Series|Director|Studio|ReleaseDate","","","Skipped","MissingMedia",0,0,"","媒体文件不存在或存储当前不可访问。"
4421,"1225+骑兵","Z:\bcbcbcbc\ca-ES\data\已命名电影\新建文件夹\1225+骑兵.avi","Actors|Genres|Poster|Fanart|NFO|Description|Series|Director|Studio|ReleaseDate","","","Skipped","MissingMedia",0,0,"","媒体文件不存在或存储当前不可访问。"
4422,"1503+骑兵","Z:\bcbcbcbc\ca-ES\data\已命名电影\新建文件夹\1503+骑兵.mp4","Actors|Genres|Poster|Fanart|NFO|Description|Series|Director|Studio|ReleaseDate","","","Skipped","MissingMedia",0,0,"","媒体文件不存在或存储当前不可访问。"
4423,"2020.10.31【太子极品探花】小陈头星选代班，极品短发女神返场，魔鬼身材肤白如玉，粉嫩鲍鱼AV视角沙发啪啪","Z:\bcbcbcbc\ca-ES\data\已命名电影\新建文件夹\2020.10.31【太子极品探花】小陈头星选代班，极品短发女神返场，魔鬼身材肤白如玉，粉嫩鲍鱼AV视角沙发啪啪.mp4","Actors|Genres|Poster|Fanart|NFO|Description|Series|Director|Studio|ReleaseDate","","","Skipped","MissingMedia",0,0,"","媒体文件不存在或存储当前不可访问。"
4424,"259+骑兵(1)","Z:\bcbcbcbc\ca-ES\data\已命名电影\新建文件夹\259+骑兵(1).mp4","Actors|Genres|Poster|Fanart|NFO|Description|Series|Director|Studio|ReleaseDate","","","Skipped","MissingMedia",0,0,"","媒体文件不存在或存储当前不可访问。"
4425,"259+骑兵(2)","Z:\bcbcbcbc\ca-ES\data\已命名电影\新建文件夹\259+骑兵(2).mp4","Actors|Genres|Poster|Fanart|NFO|Description|Series|Director|Studio|ReleaseDate","","","Skipped","MissingMedia",0,0,"","媒体文件不存在或存储当前不可访问。"
4426,"259+骑兵-1_中文","Z:\bcbcbcbc\ca-ES\data\已命名电影\新建文件夹\259+骑兵-1_中文.mp4","Actors|Genres|Poster|Fanart|NFO|Description|Series|Director|Studio|ReleaseDate","","","Skipped","MissingMedia",0,0,"","媒体文件不存在或存储当前不可访问。"
4427,"259+骑兵-2_中文","Z:\bcbcbcbc\ca-ES\data\已命名电影\新建文件夹\259+骑兵-2_中文.mp4","Actors|Genres|Poster|Fanart|NFO|Description|Series|Director|Studio|ReleaseDate","","","Skipped","MissingMedia",0,0,"","媒体文件不存在或存储当前不可访问。"
4428,"259+骑兵","Z:\bcbcbcbc\ca-ES\data\已命名电影\新建文件夹\259+骑兵.mp4","Actors|Genres|Poster|Fanart|NFO|Description|Series|Director|Studio|ReleaseDate","","","Skipped","MissingMedia",0,0,"","媒体文件不存在或存储当前不可访问。"
4429,"30+骑兵","Z:\bcbcbcbc\ca-ES\data\已命名电影\新建文件夹\30+骑兵.mp4","Actors|Genres|Poster|Fanart|NFO|Description|Series|Director|Studio|ReleaseDate","","","Skipped","MissingMedia",0,0,"","媒体文件不存在或存储当前不可访问。"
4430,"326+骑兵","Z:\bcbcbcbc\ca-ES\data\已命名电影\新建文件夹\326+骑兵.mp4","Actors|Genres|Poster|Fanart|NFO|Description|Series|Director|Studio|ReleaseDate","","","Skipped","MissingMedia",0,0,"","媒体文件不存在或存储当前不可访问。"
4431,"4-KLEENEX+五星+持续输出+无码+白虎","Z:\bcbcbcbc\ca-ES\data\已命名电影\新建文件夹\4-KLEENEX+五星+持续输出+无码+白虎.mp4","Actors|Genres|Poster|Fanart|NFO|Description|Series|Director|Studio|ReleaseDate","","","Skipped","MissingMedia",0,0,"","媒体文件不存在或存储当前不可访问。"
4432,"474+骑兵","Z:\bcbcbcbc\ca-ES\data\已命名电影\新建文件夹\474+骑兵.mp4","Actors|Genres|Poster|Fanart|NFO|Description|Series|Director|Studio|ReleaseDate","","","Skipped","MissingMedia",0,0,"","媒体文件不存在或存储当前不可访问。"
4433,"91CM-182+四星+国产+娇小可爱清纯+无码+高颜值","Z:\bcbcbcbc\ca-ES\data\已命名电影\新建文件夹\91CM-182+四星+国产+娇小可爱清纯+无码+高颜值.mp4","Actors|Genres|Poster|Fanart|NFO|Description|Series|Director|Studio|ReleaseDate","","","Skipped","MissingMedia",0,0,"","媒体文件不存在或存储当前不可访问。"
4435,"[原创] 最帅健身教练猛入日系学妹高潮亲吻安慰下部-作者授权代发 - 好色™ TV","Z:\bcbcbcbc\ca-ES\data\已命名电影\新建文件夹\[原创] 最帅健身教练猛入日系学妹高潮亲吻安慰下部-作者授权代发 - 好色™ Tv.mkv","Actors|Genres|Poster|Fanart|NFO|Description|Series|Director|Studio|ReleaseDate","","","Skipped","MissingMedia",0,0,"","媒体文件不存在或存储当前不可访问。"
4436,"三星+外国+大屌+无码+白虎","Z:\bcbcbcbc\ca-ES\data\已命名电影\新建文件夹\三星+外国+大屌+无码+白虎.mp4","Actors|Genres|Poster|Fanart|NFO|Description|Series|Director|Studio|ReleaseDate","","","Skipped","MissingMedia",0,0,"","媒体文件不存在或存储当前不可访问。"
4437,"丝袜+制服+四星+国产+无码","Z:\bcbcbcbc\ca-ES\data\已命名电影\新建文件夹\丝袜+制服+四星+国产+无码.mp4","Actors|Genres|Poster|Fanart|NFO|Description|Series|Director|Studio|ReleaseDate","","","Skipped","MissingMedia",0,0,"","媒体文件不存在或存储当前不可访问。"
4438,"四星+好身材大长腿+娇小可爱清纯+无码+白虎","Z:\bcbcbcbc\ca-ES\data\已命名电影\新建文件夹\四星+好身材大长腿+娇小可爱清纯+无码+白虎.mp4","Actors|Genres|Poster|Fanart|NFO|Description|Series|Director|Studio|ReleaseDate","","","Skipped","MissingMedia",0,0,"","媒体文件不存在或存储当前不可访问。"
4439,"外国+无码+白虎+高颜值","Z:\bcbcbcbc\ca-ES\data\已命名电影\新建文件夹\外国+无码+白虎+高颜值.mp4","Actors|Genres|Poster|Fanart|NFO|Description|Series|Director|Studio|ReleaseDate","","","Skipped","MissingMedia",0,0,"","媒体文件不存在或存储当前不可访问。"
